geography,crime,week_to_date_current,week_to_date_prior,week_to_date_pct_change,twenty_eight_day_current,twenty_eight_day_prior,twenty_eight_day_pct_change,year_to_date_current,year_to_date_prior,year_to_date_pct_change,historical_2_yr_pct,historical_14_yr_pct,historical_31_yr_pct
Citywide,Murder,3,6.0,-50.0,17,29,-41.379310344827,189,250,-24.4,-33.450704225352,-51.036269430051,-86.755430974071
Citywide,Rape,37,38.0,-2.631578947368,160,166,-3.614457831325,1537,1496,2.740641711229,25.777414075286,60.438413361169,-35.878181059657
Citywide,Robbery,270,338.0,-20.118343195266,1093,1243,-12.067578439259,9679,10995,-11.969076853115,-20.572788445757,-27.42201559688,-84.009846194511
Citywide,Fel. Assault,550,631.0,-12.83676703645,2397,2405,-0.33264033264,22023,21837,0.851765352383,1.409034397016,75.664034458004,-28.090511330242
Citywide,Burglary,212,244.0,-13.11475409836,823,1026,-19.785575048732,7943,9254,-14.166846768964,-15.482017450521,-39.807517429524,-88.966982901115
Citywide,Gr. Larceny,1017,1050.0,-3.142857142857,3727,4221,-11.70338782279,32577,34494,-5.557488258827,-8.668591774369,22.529807800804,-46.971497403675
Citywide,G.L.A.,222,260.0,-14.615384615384,997,1051,-5.137963843958,8736,9955,-12.245102963335,-16.313823163138,17.403574788334,-89.063047723972
Citywide,Transit,51,33.0,54.545454545454,162,165,-1.818181818181,1567,1562,0.320102432778,-1.135646687697,3.981420039814,
Citywide,Housing,96,124.0,-22.58064516129,406,490,-17.142857142857,3968,4245,-6.525323910482,-9.940989559691,31.5649867374,
Citywide,Petit Larceny,2225,2040.0,9.06862745098,8417,8312,1.263233878729,72778,75909,-4.124675598413,-6.929933373403,24.797228938388,
Citywide,Retail Theft,965,928.0,3.987068965517,3750,3897,-3.772132409545,33545,38454,-12.765902116814,-23.892821490153,,
Citywide,Misd. Assault,1034,974.0,6.160164271047,3803,3673,3.539341138034,33928,33303,1.876707804101,-1.50952159777,0.796197266785,
Citywide,UCR Rape*,46,49.0,-6.122448979591,188,215,-12.558139534883,1885,1842,2.334419109663,1.507808292945,,
Citywide,Other Sex Crimes,145,111.0,30.63063063063,488,452,7.964601769911,3983,3963,0.504668180671,1.788908765652,,
Citywide,Shooting Vic.,8,16.0,-50.0,56,83,-32.530120481927,581,668,-13.023952095808,-28.799019607843,-56.25,-86.63753449862
Citywide,Shooting Inc.,8,13.0,-38.461538461538,48,61,-21.311475409836,479,533,-10.131332082551,-28.078078078078,-56.255707762557,-87.758752875031
Citywide,Hate Crimes,7,11.0,-36.363636363636,40,40,0.0,456,393,16.030534351145,-10.23622047244,,
Citywide,Traffic Fatalities,4,4.0,0.0,15,21,-28.571428571428,135,140,-3.571428571428,-22.413793103448,,
Manhattan South,Murder,0,0.0,,2,0,,8,15,-46.666666666666,-50.0,-20.0,-87.301587301587
Manhattan South,Rape,3,5.0,-40.0,23,11,109.090909090909,140,148,-5.405405405405,19.658119658119,97.183098591549,-16.666666666666
Manhattan South,Robbery,36,36.0,0.0,116,136,-14.705882352941,942,1182,-20.304568527918,-22.850122850122,3.74449339207,-87.66854300301
Manhattan South,Fel. Assault,51,48.0,6.25,184,194,-5.154639175257,1855,1789,3.689211850195,7.848837209302,104.5203969129,-26.388888888888
Manhattan South,Burglary,32,37.0,-13.513513513513,106,168,-36.904761904761,1230,1447,-14.996544574982,-9.158050221565,-4.651162790697,-85.745741105574
Manhattan South,Gr. Larceny,208,225.0,-7.555555555555,760,882,-13.832199546485,6856,7204,-4.830649639089,-9.035425235504,-8.121147145537,-70.967605335591
Manhattan South,G.L.A.,13,7.0,85.714285714285,37,27,37.037037037037,217,254,-14.566929133858,-34.242424242424,-25.172413793103,-95.078249036062
Manhattan South,Transit,15,11.0,36.363636363636,47,45,4.444444444444,457,489,-6.543967280163,1.106194690265,19.947506561679,
Manhattan South,Housing,11,8.0,37.5,42,38,10.526315789473,348,324,7.407407407407,18.77133105802,35.408560311284,
Manhattan South,Petit Larceny,376,418.0,-10.047846889952,1532,1694,-9.563164108618,13484,14640,-7.896174863387,-15.851223165252,11.052544885521,
Manhattan South,Retail Theft,259,325.0,-20.307692307692,1074,1342,-19.970193740685,10157,11678,-13.024490494947,-25.057182911532,,
Manhattan South,Misd. Assault,133,91.0,46.153846153846,411,412,-0.242718446601,3746,3664,2.237991266375,2.742731760833,43.800383877159,
Manhattan South,UCR Rape*,3,6.0,-50.0,23,12,91.666666666666,160,171,-6.432748538011,-9.604519774011,,
Manhattan South,Other Sex Crimes,28,27.0,3.703703703703,88,115,-23.478260869565,696,815,-14.601226993865,0.28818443804,,
Manhattan South,Shooting Vic.,0,2.0,-100.0,0,5,-100.0,16,30,-46.666666666666,-46.666666666666,-38.461538461538,-84.0
Manhattan South,Shooting Inc.,0,1.0,-100.0,0,2,-100.0,14,18,-22.222222222222,-46.153846153846,-30.0,-84.090909090909
Manhattan South,Hate Crimes,0,3.0,-100.0,14,14,0.0,103,81,27.16049382716,-14.166666666666,,
Manhattan South,Traffic Fatalities,1,0.0,,4,0,,13,12,8.333333333333,-13.333333333333,,
Manhattan North,Murder,0,0.0,,0,2,-100.0,12,25,-52.0,-72.093023255813,-65.714285714285,-95.102040816326
Manhattan North,Rape,3,6.0,-50.0,15,16,-6.25,137,147,-6.802721088435,31.730769230769,-9.271523178807,-63.072776280323
Manhattan North,Robbery,36,30.0,20.0,113,123,-8.130081300813,1023,1247,-17.963111467522,-31.157469717362,-38.888888888888,-85.218899003034
Manhattan North,Fel. Assault,65,74.0,-12.162162162162,244,227,7.48898678414,2320,2136,8.614232209737,-2.274641954507,63.957597173144,-46.445060018467
Manhattan North,Burglary,27,28.0,-3.571428571428,122,126,-3.174603174603,996,1064,-6.390977443609,2.680412371134,-2.161100196463,-87.651872055541
Manhattan North,Gr. Larceny,141,127.0,11.023622047244,498,517,-3.675048355899,4271,4578,-6.705985146352,-8.66124893071,28.181272509003,-46.148026730551
Manhattan North,G.L.A.,16,24.0,-33.333333333333,70,68,2.941176470588,533,648,-17.746913580246,-22.753623188405,27.817745803357,-92.146751141888
Manhattan North,Transit,11,1.0,1000.0,20,12,66.666666666666,193,155,24.516129032258,6.043956043956,16.265060240963,
Manhattan North,Housing,30,25.0,20.0,92,98,-6.122448979591,834,902,-7.538802660753,-13.395638629283,35.38961038961,
Manhattan North,Petit Larceny,311,262.0,18.702290076335,1142,1090,4.770642201834,9635,9917,-2.843601895734,1.506531816266,42.445298639858,
Manhattan North,Retail Theft,125,123.0,1.626016260162,460,515,-10.679611650485,4278,5228,-18.171384850803,-15.554678247137,,
Manhattan North,Misd. Assault,106,106.0,0.0,412,356,15.730337078651,3543,3520,0.653409090909,-5.52,-9.870262019842,
Manhattan North,UCR Rape*,3,6.0,-50.0,15,18,-16.666666666666,172,178,-3.370786516853,2.994011976047,,
Manhattan North,Other Sex Crimes,21,8.0,162.5,70,55,27.272727272727,494,462,6.926406926406,14.883720930232,,
Manhattan North,Shooting Vic.,1,4.0,-75.0,3,8,-62.5,62,56,10.714285714285,-34.736842105263,-56.944444444444,-89.198606271777
Manhattan North,Shooting Inc.,1,3.0,-66.666666666666,3,7,-57.142857142857,52,48,8.333333333333,-31.578947368421,-59.055118110236,-90.132827324478
Manhattan North,Hate Crimes,0,1.0,-100.0,5,6,-16.666666666666,74,47,57.446808510638,-22.105263157894,,
Manhattan North,Traffic Fatalities,0,0.0,,1,1,0.0,19,11,72.727272727272,11.764705882352,,
Bronx North,Murder,1,0.0,,2,4,-50.0,40,38,5.263157894736,-16.666666666666,-24.528301886792,-71.223021582733
Bronx North,Rape,3,9.0,-66.666666666666,17,25,-32.0,212,190,11.578947368421,51.428571428571,92.727272727272,-16.205533596837
Bronx North,Robbery,38,53.0,-28.301886792452,166,190,-12.631578947368,1511,1655,-8.70090634441,-10.379596678529,-2.516129032258,-72.310793476269
Bronx North,Fel. Assault,76,103.0,-26.213592233009,388,384,1.041666666666,3349,3173,5.546801134572,15.52259399793,122.672872340426,16.527487821851
Bronx North,Burglary,22,23.0,-4.347826086956,93,99,-6.060606060606,919,954,-3.668763102725,-5.646817248459,-24.979591836734,-87.811671087533
Bronx North,Gr. Larceny,79,90.0,-12.222222222222,326,382,-14.659685863874,2925,3338,-12.372678250449,-15.462427745664,76.523838261919,1.739130434782
Bronx North,G.L.A.,17,38.0,-55.263157894736,133,151,-11.920529801324,1263,1692,-25.354609929078,-22.085132634176,61.923076923076,-78.914858096828
Bronx North,Transit,4,3.0,33.333333333333,16,6,166.666666666667,128,102,25.490196078431,28.0,36.170212765957,
Bronx North,Housing,5,10.0,-50.0,28,39,-28.205128205128,301,279,7.885304659498,14.44866920152,78.106508875739,
Bronx North,Petit Larceny,208,187.0,11.229946524064,752,665,13.082706766917,6316,6133,2.983857818359,15.045537340619,54.463193934947,
Bronx North,Retail Theft,60,44.0,36.363636363636,231,199,16.08040201005,2028,1873,8.275493860117,-5.762081784386,,
Bronx North,Misd. Assault,130,84.0,54.761904761904,452,398,13.567839195979,3932,3873,1.523366899044,6.64496880933,4.131355932203,
Bronx North,UCR Rape*,5,10.0,-50.0,22,32,-31.25,255,237,7.59493670886,20.85308056872,,
Bronx North,Other Sex Crimes,13,10.0,30.0,41,44,-6.818181818181,386,372,3.763440860215,9.348441926345,,
Bronx North,Shooting Vic.,2,2.0,0.0,6,18,-66.666666666666,118,116,1.724137931034,-24.84076433121,-35.51912568306,-72.621809744779
Bronx North,Shooting Inc.,2,2.0,0.0,6,11,-45.454545454545,98,88,11.363636363636,-16.239316239316,-34.666666666666,-74.936061381074
Bronx North,Hate Crimes,0,0.0,,0,0,,21,5,320.0,200.0,,
Bronx North,Traffic Fatalities,0,0.0,,1,1,0.0,12,7,71.428571428571,0.0,,
Bronx South,Murder,0,2.0,-100.0,4,8,-50.0,31,44,-29.545454545454,-24.390243902439,-29.545454545454,-86.160714285714
Bronx South,Rape,3,2.0,50.0,22,26,-15.384615384615,216,227,-4.845814977973,29.341317365269,89.473684210526,-20.295202952029
Bronx South,Robbery,41,65.0,-36.923076923076,175,200,-12.5,1440,1872,-23.076923076923,-25.849639546858,-7.276239536381,-76.245463543385
Bronx South,Fel. Assault,67,91.0,-26.373626373626,328,366,-10.382513661202,3218,3395,-5.21354933726,-4.340071343638,84.201488265598,-15.825268114046
Bronx South,Burglary,26,25.0,4.0,107,101,5.940594059405,969,1100,-11.90909090909,-15.812337098175,-13.016157989228,-83.906327852516
Bronx South,Gr. Larceny,77,91.0,-15.384615384615,308,379,-18.733509234828,2788,3379,-17.490381769754,-16.426858513189,64.872856298048,7.230769230769
Bronx South,G.L.A.,32,36.0,-11.111111111111,118,146,-19.17808219178,1080,1553,-30.457179652285,-25.925925925925,51.26050420168,-78.579928599762
Bronx South,Transit,3,1.0,200.0,12,14,-14.285714285714,132,121,9.090909090909,-10.81081081081,1.538461538461,
Bronx South,Housing,12,27.0,-55.555555555555,66,92,-28.260869565217,785,871,-9.873708381171,-22.200198216055,30.398671096345,
Bronx South,Petit Larceny,186,159.0,16.981132075471,735,659,11.532625189681,6294,6735,-6.547884187082,0.978661960532,23.775811209439,
Bronx South,Retail Theft,56,57.0,-1.754385964912,254,227,11.894273127753,2098,2383,-11.959714645405,-16.24750499002,,
Bronx South,Misd. Assault,130,135.0,-3.703703703703,467,472,-1.059322033898,4367,4199,4.000952607763,-0.614474283113,1.064568386947,
Bronx South,UCR Rape*,6,7.0,-14.285714285714,28,42,-33.333333333333,263,292,-9.931506849315,-1.865671641791,,
Bronx South,Other Sex Crimes,15,10.0,50.0,57,38,50.0,413,413,0.0,-21.333333333333,,
Bronx South,Shooting Vic.,3,5.0,-40.0,18,14,28.571428571428,110,131,-16.030534351145,-32.926829268292,-38.202247191011,-81.697171381031
Bronx South,Shooting Inc.,3,4.0,-25.0,14,11,27.272727272727,90,112,-19.642857142857,-33.333333333333,-40.397350993377,-83.364140480591
Bronx South,Hate Crimes,0,0.0,,1,0,,11,10,10.0,10.0,,
Bronx South,Traffic Fatalities,0,0.0,,0,2,-100.0,9,14,-35.714285714285,-59.090909090909,,
Brooklyn South,Murder,2,2.0,0.0,3,5,-40.0,23,33,-30.30303030303,-41.025641025641,-64.0625,-87.222222222222
Brooklyn South,Rape,10,3.0,233.333333333333,27,19,42.105263157894,208,192,8.333333333333,30.0,58.778625954198,-49.879518072289
Brooklyn South,Robbery,32,39.0,-17.948717948717,124,148,-16.216216216216,1097,1185,-7.426160337552,-13.143309580364,-45.987198424421,-88.893388680773
Brooklyn South,Fel. Assault,76,76.0,0.0,326,323,0.928792569659,2811,2853,-1.472134595162,3.612237375598,55.389718076285,-43.936976465895
Brooklyn South,Burglary,28,25.0,12.0,108,123,-12.195121951219,966,1067,-9.465791940018,-13.903743315508,-60.969696969697,-92.702273929138
Brooklyn South,Gr. Larceny,110,127.0,-13.385826771653,418,521,-19.769673704414,3879,4157,-6.68751503488,-9.895470383275,-1.146788990825,-38.662239089184
Brooklyn South,G.L.A.,34,43.0,-20.930232558139,138,146,-5.479452054794,1202,1331,-9.69196093163,-17.783857729138,-15.944055944055,-92.849494348602
Brooklyn South,Transit,7,10.0,-30.0,21,31,-32.258064516129,174,170,2.35294117647,20.0,-17.142857142857,
Brooklyn South,Housing,10,11.0,-9.090909090909,39,41,-4.878048780487,338,341,-0.879765395894,-4.249291784702,34.126984126984,
Brooklyn South,Petit Larceny,267,272.0,-1.838235294117,1008,1048,-3.816793893129,9451,9747,-3.036831845696,-12.628270315244,5.881693927851,
Brooklyn South,Retail Theft,115,100.0,15.0,374,363,3.030303030303,3487,3958,-11.899949469429,-32.64438864207,,
Brooklyn South,Misd. Assault,132,119.0,10.924369747899,538,486,10.699588477366,4772,4601,3.716583351445,2.645730264573,-2.711518858307,
Brooklyn South,UCR Rape*,10,5.0,100.0,31,24,29.166666666666,259,223,16.143497757847,8.36820083682,,
Brooklyn South,Other Sex Crimes,20,18.0,11.111111111111,69,52,32.692307692307,524,473,10.782241014799,0.76923076923,,
Brooklyn South,Shooting Vic.,1,2.0,-50.0,7,15,-53.333333333333,86,99,-13.131313131313,7.5,-57.635467980295,-85.2487135506
Brooklyn South,Shooting Inc.,1,2.0,-50.0,6,11,-45.454545454545,64,72,-11.111111111111,-7.246376811594,-61.44578313253,-87.5
Brooklyn South,Hate Crimes,2,3.0,-33.333333333333,5,6,-16.666666666666,82,93,-11.827956989247,-28.695652173913,,
Brooklyn South,Traffic Fatalities,0,2.0,-100.0,3,5,-40.0,16,29,-44.827586206896,-50.0,,
Brooklyn North,Murder,0,1.0,-100.0,5,4,25.0,33,44,-25.0,-37.735849056603,-66.666666666666,-90.833333333333
Brooklyn North,Rape,7,7.0,0.0,20,31,-35.483870967741,213,206,3.398058252427,12.105263157894,40.131578947368,-52.666666666666
Brooklyn North,Robbery,29,40.0,-27.5,153,164,-6.70731707317,1386,1582,-12.389380530973,-20.481927710843,-43.886639676113,-88.235294117647
Brooklyn North,Fel. Assault,87,105.0,-17.142857142857,351,389,-9.768637532133,3245,3315,-2.111613876319,1.40625,32.503062474479,-48.401971696613
Brooklyn North,Burglary,37,39.0,-5.128205128205,112,138,-18.840579710144,1081,1250,-13.52,-22.005772005772,-52.104563579973,-87.591827364554
Brooklyn North,Gr. Larceny,124,147.0,-15.646258503401,421,547,-23.034734917733,3771,4087,-7.731832640078,-3.357252690927,26.120401337792,-23.571139035265
Brooklyn North,G.L.A.,22,30.0,-26.666666666666,114,108,5.555555555555,974,1120,-13.035714285714,-23.607843137254,-4.8828125,-85.568232330715
Brooklyn North,Transit,9,5.0,80.0,26,19,36.842105263157,213,223,-4.484304932735,-2.739726027397,-29.470198675496,
Brooklyn North,Housing,20,36.0,-44.444444444444,95,145,-34.482758620689,957,1090,-12.201834862385,-11.388888888888,14.064362336114,
Brooklyn North,Petit Larceny,300,259.0,15.830115830115,1127,1043,8.053691275167,8969,9057,-0.971624158109,1.127522832337,21.944255608429,
Brooklyn North,Retail Theft,100,65.0,53.846153846153,428,301,42.1926910299,3211,3387,-5.196338943017,-19.503634996239,,
Brooklyn North,Misd. Assault,159,169.0,-5.917159763313,604,533,13.320825515947,4847,4548,6.574318381706,5.392476625353,-16.832532601235,
Brooklyn North,UCR Rape*,8,7.0,14.285714285714,24,36,-33.333333333333,261,251,3.984063745019,-1.509433962264,,
Brooklyn North,Other Sex Crimes,21,16.0,31.25,52,54,-3.703703703703,538,518,3.861003861003,15.698924731182,,
Brooklyn North,Shooting Vic.,0,0.0,,10,16,-37.5,110,144,-23.611111111111,-36.781609195402,-71.794871794871,-92.29152067274
Brooklyn North,Shooting Inc.,0,0.0,,9,12,-25.0,91,119,-23.529411764705,-37.671232876712,-70.926517571885,-92.912772585669
Brooklyn North,Hate Crimes,4,1.0,300.0,4,3,33.333333333333,49,65,-24.615384615384,-19.672131147541,,
Brooklyn North,Traffic Fatalities,1,0.0,,2,4,-50.0,18,23,-21.739130434782,-5.263157894736,,
Queens South,Murder,0,1.0,-100.0,1,4,-75.0,25,26,-3.846153846153,-3.846153846153,-50.980392156862,-75.0
Queens South,Rape,2,3.0,-33.333333333333,11,18,-38.888888888888,173,167,3.592814371257,26.277372262773,80.208333333333,-32.945736434108
Queens South,Robbery,25,26.0,-3.846153846153,94,108,-12.962962962963,883,873,1.145475372279,-13.261296660117,-41.36786188579,-83.919140411582
Queens South,Fel. Assault,56,63.0,-11.111111111111,253,236,7.203389830508,2351,2238,5.049151027703,1.86308492201,92.232215862632,-14.259664478482
Queens South,Burglary,17,22.0,-22.727272727272,77,89,-13.483146067415,665,782,-14.961636828644,-13.071895424836,-55.128205128205,-89.956199969793
Queens South,Gr. Larceny,97,86.0,12.790697674418,317,333,-4.804804804804,2715,2469,9.963547995139,12.842892768079,36.982845610494,-55.079417604235
Queens South,G.L.A.,24,34.0,-29.411764705882,132,149,-11.409395973154,1231,1389,-11.3750899928,-13.492621222768,-1.203852327447,-91.013942623549
Queens South,Transit,1,0.0,,8,14,-42.857142857142,99,84,17.857142857142,0.0,15.116279069767,
Queens South,Housing,5,3.0,66.666666666666,16,15,6.666666666666,154,165,-6.666666666666,-6.666666666666,45.283018867924,
Queens South,Petit Larceny,232,190.0,22.105263157894,838,758,10.554089709762,6809,6641,2.529739497063,1.445172824791,53.252306999774,
Queens South,Retail Theft,84,82.0,2.439024390243,306,312,-1.923076923076,2528,2645,-4.423440453686,-12.556208924247,,
Queens South,Misd. Assault,79,102.0,-22.549019607843,332,395,-15.949367088607,3431,3544,-3.18848758465,-8.457844183564,3.250075233222,
Queens South,UCR Rape*,3,3.0,0.0,16,24,-33.333333333333,215,206,4.368932038834,-2.272727272727,,
Queens South,Other Sex Crimes,7,8.0,-12.5,38,27,40.74074074074,338,327,3.363914373088,5.956112852664,,
Queens South,Shooting Vic.,1,0.0,,6,4,50.0,37,54,-31.481481481481,-55.421686746988,-74.305555555555,-89.693593314763
Queens South,Shooting Inc.,1,0.0,,6,4,50.0,34,42,-19.047619047619,-49.253731343283,-70.434782608695,-89.60244648318
Queens South,Hate Crimes,0,1.0,-100.0,4,4,0.0,36,25,44.0,44.0,,
Queens South,Traffic Fatalities,1,2.0,-50.0,2,4,-50.0,14,20,-30.0,-22.222222222222,,
Queens North,Murder,0,0.0,,0,2,-100.0,14,23,-39.130434782608,7.692307692307,-30.0,-85.714285714285
Queens North,Rape,5,2.0,150.0,19,13,46.153846153846,182,160,13.75,13.75,95.698924731182,24.657534246575
Queens North,Robbery,32,45.0,-28.888888888888,139,154,-9.740259740259,1216,1181,2.963590177815,-24.331051649035,-9.591078066914,-80.838323353293
Queens North,Fel. Assault,62,47.0,31.914893617021,253,202,25.247524752475,2153,2182,-1.329055912007,-11.6899097621,90.362511052166,0.279459711224
Queens North,Burglary,22,39.0,-43.589743589743,80,157,-49.044585987261,925,1363,-32.134996331621,-35.540069686411,-51.187335092348,-91.332458770614
Queens North,Gr. Larceny,145,131.0,10.687022900763,560,527,6.261859582542,4309,4212,2.30294396961,-12.436496647023,50.981079187105,-27.518923465096
Queens North,G.L.A.,61,44.0,38.636363636363,237,234,1.282051282051,2021,1802,12.153163152053,5.096203848153,57.398753894081,-88.046371325486
Queens North,Transit,1,2.0,-50.0,12,24,-50.0,171,218,-21.559633027522,-28.75,23.91304347826,
Queens North,Housing,3,2.0,50.0,20,15,33.333333333333,170,165,3.030303030303,-7.608695652173,38.211382113821,
Queens North,Petit Larceny,281,241.0,16.597510373444,1034,1099,-5.914467697907,9497,10122,-6.174669037739,-18.44568484328,40.363582618977,
Queens North,Retail Theft,140,106.0,32.075471698113,517,509,1.571709233791,4630,5606,-17.409917945058,-35.676576826896,,
Queens North,Misd. Assault,124,124.0,0.0,441,455,-3.076923076923,4011,3958,1.339060131379,-12.671456564337,14.665523156089,
Queens North,UCR Rape*,7,4.0,75.0,22,18,22.222222222222,223,210,6.190476190476,-4.291845493562,,
Queens North,Other Sex Crimes,17,13.0,30.76923076923,60,52,15.384615384615,451,428,5.3738317757,-1.95652173913,,
Queens North,Shooting Vic.,0,0.0,,5,1,400.0,30,30,0.0,50.0,-16.666666666666,-84.375
Queens North,Shooting Inc.,0,0.0,,3,1,200.0,25,26,-3.846153846153,47.058823529411,-19.354838709677,-85.632183908046
Queens North,Hate Crimes,1,1.0,0.0,7,5,40.0,63,53,18.867924528301,12.5,,
Queens North,Traffic Fatalities,1,0.0,,1,4,-75.0,22,19,15.78947368421,-31.25,,
Staten Island,Murder,0,0.0,,0,0,,3,2,50.0,-40.0,-70.0,-83.333333333333
Staten Island,Rape,1,1.0,0.0,6,7,-14.285714285714,56,59,-5.084745762711,19.148936170212,40.0,-13.846153846153
Staten Island,Robbery,1,4.0,-75.0,13,20,-35.0,181,218,-16.97247706422,-17.727272727272,-39.464882943143,-81.086729362591
Staten Island,Fel. Assault,10,24.0,-58.333333333333,70,84,-16.666666666666,721,756,-4.629629629629,2.853067047075,104.829545454545,-18.531073446327
Staten Island,Burglary,1,6.0,-83.333333333333,18,25,-28.0,192,227,-15.418502202643,-20.331950207468,-56.363636363636,-92.304609218436
Staten Island,Gr. Larceny,36,26.0,38.461538461538,119,133,-10.526315789473,1063,1070,-0.654205607476,-5.595026642984,52.949640287769,-8.755364806866
Staten Island,G.L.A.,3,4.0,-25.0,18,22,-18.181818181818,215,166,29.518072289156,-16.342412451361,-16.015625,-93.827160493827
Staten Island,Transit,0,0.0,,0,0,,0,0,,,,
Staten Island,Housing,0,2.0,-100.0,8,7,14.285714285714,81,108,-25.0,-15.625,55.76923076923,
Staten Island,Petit Larceny,64,52.0,23.076923076923,249,256,-2.734375,2323,2917,-20.363387041481,-20.308747855917,-15.435020021842,
Staten Island,Retail Theft,26,26.0,0.0,106,129,-17.829457364341,1128,1696,-33.490566037735,-26.990291262135,,
Staten Island,Misd. Assault,41,44.0,-6.818181818181,146,166,-12.048192771084,1279,1396,-8.381088825214,-7.452966714905,-13.170400543109,
Staten Island,UCR Rape*,1,1.0,0.0,7,9,-22.222222222222,77,74,4.054054054054,0.0,,
Staten Island,Other Sex Crimes,3,1.0,200.0,13,15,-13.333333333333,143,155,-7.74193548387,-2.721088435374,,
Staten Island,Shooting Vic.,0,1.0,-100.0,1,2,-50.0,12,8,50.0,-7.692307692307,-50.0,-85.185185185185
Staten Island,Shooting Inc.,0,1.0,-100.0,1,2,-50.0,11,8,37.5,-15.384615384615,-50.0,-84.057971014492
Staten Island,Hate Crimes,0,1.0,-100.0,0,2,-100.0,17,14,21.428571428571,-10.526315789473,,
Staten Island,Traffic Fatalities,0,0.0,,1,0,,12,5,140.0,71.428571428571,,
1st Precinct,Murder,0,0.0,,0,0,,0,0,,-100.0,-100.0,-100.0
1st Precinct,Rape,0,0.0,,0,0,,7,14,-50.0,-41.666666666666,250.0,-36.363636363636
1st Precinct,Robbery,2,2.0,0.0,9,11,-18.181818181818,99,116,-14.655172413793,3.125,67.796610169491,-84.185303514377
1st Precinct,Fel. Assault,3,3.0,0.0,8,19,-57.894736842105,137,119,15.126050420168,-10.457516339869,153.703703703704,1.481481481481
1st Precinct,Burglary,2,5.0,-60.0,14,16,-12.5,140,137,2.189781021897,-14.110429447852,7.692307692307,-77.086743044189
1st Precinct,Gr. Larceny,17,28.0,-39.285714285714,83,101,-17.821782178217,841,854,-1.522248243559,3.316953316953,9.079118028534,-70.187876639489
1st Precinct,G.L.A.,2,1.0,100.0,6,4,50.0,40,27,48.148148148148,25.0,25.0,-93.957703927492
1st Precinct,Transit,0,1.0,-100.0,2,6,-66.666666666666,59,72,-18.055555555555,-18.055555555555,31.111111111111,
1st Precinct,Housing,0,0.0,,0,0,,0,0,,,,
1st Precinct,Petit Larceny,67,80.0,-16.25,224,269,-16.728624535316,2010,2503,-19.696364362764,-28.137289953521,56.786271450858,
1st Precinct,Retail Theft,54,78.0,-30.76923076923,190,259,-26.640926640926,1856,2443,-24.027834629553,-31.613854089904,,
1st Precinct,Misd. Assault,13,3.0,333.333333333333,40,32,25.0,304,311,-2.25080385852,-8.157099697885,67.032967032967,
1st Precinct,UCR Rape*,0,0.0,,0,0,,8,17,-52.941176470588,-50.0,,
1st Precinct,Other Sex Crimes,6,3.0,100.0,17,13,30.76923076923,73,75,-2.666666666666,-8.75,,
1st Precinct,Shooting Vic.,0,0.0,,0,0,,1,0,,-50.0,-80.0,-75.0
1st Precinct,Shooting Inc.,0,0.0,,0,0,,1,0,,-50.0,-66.666666666666,-75.0
1st Precinct,Hate Crimes,0,0.0,,0,1,-100.0,7,10,-30.0,-41.666666666666,,
1st Precinct,Traffic Fatalities,0,0.0,,0,0,,0,0,,,,
5th Precinct,Murder,0,0.0,,0,0,,0,2,-100.0,-100.0,-100.0,-100.0
5th Precinct,Rape,0,1.0,-100.0,2,3,-33.333333333333,11,15,-26.666666666666,-8.333333333333,57.142857142857,57.142857142857
5th Precinct,Robbery,7,5.0,40.0,20,16,25.0,147,108,36.111111111111,31.25,116.176470588235,-75.581395348837
5th Precinct,Fel. Assault,9,7.0,28.571428571428,21,30,-30.0,207,202,2.475247524752,26.219512195122,111.224489795918,-1.428571428571
5th Precinct,Burglary,2,2.0,0.0,2,6,-66.666666666666,124,91,36.263736263736,22.772277227722,34.782608695652,-77.079482439926
5th Precinct,Gr. Larceny,26,12.0,116.666666666667,75,64,17.1875,538,501,7.385229540918,-2.003642987249,42.328042328042,-53.898886032562
5th Precinct,G.L.A.,0,0.0,,1,3,-66.666666666666,10,15,-33.333333333333,-52.380952380952,-9.090909090909,-95.726495726495
5th Precinct,Transit,4,1.0,300.0,5,4,25.0,51,48,6.25,8.510638297872,24.390243902439,
5th Precinct,Housing,1,1.0,0.0,2,7,-71.428571428571,35,47,-25.531914893617,6.060606060606,40.0,
5th Precinct,Petit Larceny,20,36.0,-44.444444444444,108,100,8.0,769,958,-19.728601252609,-25.700483091787,-7.01330108827,
5th Precinct,Retail Theft,8,24.0,-66.666666666666,64,73,-12.328767123287,472,711,-33.614627285513,-47.729789590254,,
5th Precinct,Misd. Assault,5,7.0,-28.571428571428,30,50,-40.0,306,323,-5.263157894736,-8.65671641791,51.485148514851,
5th Precinct,UCR Rape*,0,2.0,-100.0,2,4,-50.0,17,19,-10.526315789473,-15.0,,
5th Precinct,Other Sex Crimes,2,5.0,-60.0,7,11,-36.363636363636,85,60,41.666666666666,39.344262295082,,
5th Precinct,Shooting Vic.,0,0.0,,0,0,,1,1,0.0,-66.666666666666,0.0,-93.75
5th Precinct,Shooting Inc.,0,0.0,,0,0,,1,1,0.0,-50.0,0.0,-93.333333333333
5th Precinct,Hate Crimes,0,0.0,,1,1,0.0,4,7,-42.857142857142,-75.0,,
5th Precinct,Traffic Fatalities,0,0.0,,2,0,,3,2,50.0,200.0,,
6th Precinct,Murder,0,0.0,,0,0,,0,1,-100.0,,,-100.0
6th Precinct,Rape,0,1.0,-100.0,3,1,200.0,15,6,150.0,200.0,114.285714285714,87.5
6th Precinct,Robbery,2,4.0,-50.0,8,16,-50.0,56,88,-36.363636363636,-55.2,-42.857142857142,-90.819672131147
6th Precinct,Fel. Assault,4,8.0,-50.0,11,21,-47.619047619047,129,119,8.403361344537,4.032258064516,92.537313432835,-42.410714285714
6th Precinct,Burglary,4,5.0,-20.0,9,17,-47.058823529411,107,126,-15.079365079365,-41.530054644808,-20.149253731343,-82.658022690437
6th Precinct,Gr. Larceny,18,32.0,-43.75,59,110,-46.363636363636,591,741,-20.242914979757,-27.216748768472,-21.928665785997,-66.722972972973
6th Precinct,G.L.A.,0,2.0,-100.0,2,5,-60.0,23,18,27.777777777777,-20.689655172413,-23.333333333333,-95.652173913043
6th Precinct,Transit,2,1.0,100.0,4,3,33.333333333333,32,35,-8.571428571428,6.666666666666,-13.513513513513,
6th Precinct,Housing,0,0.0,,0,0,,0,0,,,,
6th Precinct,Petit Larceny,23,36.0,-36.111111111111,96,136,-29.411764705882,935,1087,-13.983440662373,-30.483271375464,-14.922656960873,
6th Precinct,Retail Theft,16,17.0,-5.882352941176,62,101,-38.613861386138,603,818,-26.283618581907,-43.113207547169,,
6th Precinct,Misd. Assault,5,8.0,-37.5,30,28,7.142857142857,250,264,-5.30303030303,-6.367041198501,39.664804469273,
6th Precinct,UCR Rape*,0,1.0,-100.0,3,1,200.0,17,9,88.888888888888,88.888888888888,,
6th Precinct,Other Sex Crimes,1,2.0,-50.0,6,10,-40.0,52,57,-8.771929824561,1.960784313725,,
6th Precinct,Shooting Vic.,0,0.0,,0,0,,0,4,-100.0,-100.0,-100.0,-100.0
6th Precinct,Shooting Inc.,0,0.0,,0,0,,0,3,-100.0,-100.0,-100.0,-100.0
6th Precinct,Hate Crimes,0,0.0,,5,3,66.666666666666,15,11,36.363636363636,-21.052631578947,,
6th Precinct,Traffic Fatalities,0,0.0,,0,0,,1,0,,0.0,,
7th Precinct,Murder,0,0.0,,0,0,,0,2,-100.0,,-100.0,-100.0
7th Precinct,Rape,0,0.0,,0,1,-100.0,8,9,-11.111111111111,-11.111111111111,14.285714285714,-46.666666666666
7th Precinct,Robbery,2,1.0,100.0,6,7,-14.285714285714,58,92,-36.95652173913,-25.641025641025,-42.0,-90.068493150684
7th Precinct,Fel. Assault,2,6.0,-66.666666666666,24,16,50.0,169,160,5.625,-0.588235294117,70.70707070707,6.2893081761
7th Precinct,Burglary,4,2.0,100.0,7,9,-22.222222222222,105,68,54.411764705882,17.977528089887,59.090909090909,-60.67415730337
7th Precinct,Gr. Larceny,8,10.0,-20.0,37,33,12.121212121212,352,314,12.101910828025,-3.561643835616,81.443298969072,8.641975308641
7th Precinct,G.L.A.,1,1.0,0.0,3,3,0.0,11,24,-54.166666666666,-73.170731707317,-72.5,-96.0
7th Precinct,Transit,1,0.0,,2,0,,17,20,-15.0,0.0,30.76923076923,
7th Precinct,Housing,5,3.0,66.666666666666,23,13,76.923076923076,165,127,29.921259842519,5.095541401273,70.103092783505,
7th Precinct,Petit Larceny,16,25.0,-36.0,83,113,-26.548672566371,874,938,-6.82302771855,-12.424849699398,61.552680221811,
7th Precinct,Retail Theft,8,13.0,-38.461538461538,35,69,-49.27536231884,472,549,-14.025500910746,-29.866270430906,,
7th Precinct,Misd. Assault,14,4.0,250.0,22,29,-24.137931034482,336,295,13.898305084745,10.89108910891,37.704918032786,
7th Precinct,UCR Rape*,0,0.0,,0,1,-100.0,10,11,-9.090909090909,-37.5,,
7th Precinct,Other Sex Crimes,0,0.0,,5,1,400.0,33,35,-5.714285714285,13.793103448275,,
7th Precinct,Shooting Vic.,0,2.0,-100.0,0,2,-100.0,4,8,-50.0,0.0,0.0,-71.428571428571
7th Precinct,Shooting Inc.,0,1.0,-100.0,0,1,-100.0,4,5,-20.0,0.0,33.333333333333,-66.666666666666
7th Precinct,Hate Crimes,0,1.0,-100.0,1,2,-50.0,9,8,12.5,-25.0,,
7th Precinct,Traffic Fatalities,0,0.0,,0,0,,2,0,,-33.333333333333,,
9th Precinct,Murder,0,0.0,,0,0,,1,1,0.0,-50.0,-66.666666666666,-90.90909090909
9th Precinct,Rape,0,0.0,,0,1,-100.0,9,13,-30.76923076923,-35.714285714285,0.0,-70.0
9th Precinct,Robbery,3,4.0,-25.0,8,11,-27.272727272727,58,90,-35.555555555555,-38.947368421052,-56.060606060606,-91.394658753709
9th Precinct,Fel. Assault,2,2.0,0.0,15,15,0.0,143,148,-3.378378378378,-2.054794520547,30.0,-66.588785046729
9th Precinct,Burglary,2,1.0,100.0,8,8,0.0,95,123,-22.764227642276,-20.16806722689,-43.113772455089,-85.339506172839
9th Precinct,Gr. Larceny,15,20.0,-25.0,58,72,-19.444444444444,469,582,-19.415807560137,-12.172284644194,-16.25,-58.311111111111
9th Precinct,G.L.A.,0,0.0,,4,1,300.0,21,29,-27.586206896551,-30.0,-46.153846153846,-94.696969696969
9th Precinct,Transit,0,0.0,,1,0,,11,11,0.0,37.5,-35.294117647058,
9th Precinct,Housing,1,3.0,-66.666666666666,10,14,-28.571428571428,94,106,-11.320754716981,49.206349206349,5.617977528089,
9th Precinct,Petit Larceny,27,36.0,-25.0,115,168,-31.547619047619,1083,1107,-2.168021680216,0.837988826815,-12.872083668543,
9th Precinct,Retail Theft,13,23.0,-43.478260869565,52,105,-50.47619047619,539,547,-1.462522851919,-13.897763578274,,
9th Precinct,Misd. Assault,11,5.0,120.0,44,35,25.714285714285,336,327,2.752293577981,12.751677852349,-0.591715976331,
9th Precinct,UCR Rape*,0,0.0,,0,1,-100.0,10,14,-28.571428571428,-41.176470588235,,
9th Precinct,Other Sex Crimes,2,0.0,,5,4,25.0,40,36,11.111111111111,-24.528301886792,,
9th Precinct,Shooting Vic.,0,0.0,,0,3,-100.0,3,4,-25.0,-50.0,-40.0,-88.0
9th Precinct,Shooting Inc.,0,0.0,,0,1,-100.0,2,2,0.0,-50.0,-60.0,-90.0
9th Precinct,Hate Crimes,0,0.0,,0,1,-100.0,8,2,300.0,100.0,,
9th Precinct,Traffic Fatalities,0,0.0,,0,0,,0,0,,-100.0,,
10th Precinct,Murder,0,0.0,,0,0,,0,1,-100.0,,-100.0,-100.0
10th Precinct,Rape,1,0.0,,2,0,,19,13,46.153846153846,90.0,216.666666666667,-5.0
10th Precinct,Robbery,2,1.0,100.0,6,7,-14.285714285714,58,78,-25.641025641025,-24.675324675324,-20.547945205479,-87.308533916849
10th Precinct,Fel. Assault,4,2.0,100.0,9,8,12.5,107,111,-3.603603603603,17.582417582417,13.829787234042,-40.883977900552
10th Precinct,Burglary,3,0.0,,10,10,0.0,79,83,-4.819277108433,9.722222222222,1.282051282051,-82.086167800453
10th Precinct,Gr. Larceny,14,21.0,-33.333333333333,45,59,-23.728813559322,425,450,-5.555555555555,-16.007905138339,-4.708520179372,-26.850258175559
10th Precinct,G.L.A.,2,1.0,100.0,3,3,0.0,17,23,-26.086956521739,-56.410256410256,-46.875,-95.290858725761
10th Precinct,Transit,2,1.0,100.0,5,1,400.0,24,22,9.090909090909,9.090909090909,166.666666666667,
10th Precinct,Housing,4,1.0,300.0,6,4,50.0,32,30,6.666666666666,3.225806451612,-3.030303030303,
10th Precinct,Petit Larceny,33,10.0,230.0,121,89,35.955056179775,733,634,15.615141955836,48.080808080808,15.433070866141,
10th Precinct,Retail Theft,19,7.0,171.428571428571,73,49,48.979591836734,440,340,29.411764705882,101.834862385321,,
10th Precinct,Misd. Assault,22,6.0,266.666666666667,31,25,24.0,258,219,17.808219178082,10.729613733905,4.453441295546,
10th Precinct,UCR Rape*,1,0.0,,2,0,,20,14,42.857142857142,0.0,,
10th Precinct,Other Sex Crimes,3,0.0,,7,3,133.333333333333,38,38,0.0,-15.555555555555,,
10th Precinct,Shooting Vic.,0,0.0,,0,0,,2,2,0.0,100.0,-60.0,-71.428571428571
10th Precinct,Shooting Inc.,0,0.0,,0,0,,1,2,-50.0,0.0,-66.666666666666,-85.714285714285
10th Precinct,Hate Crimes,0,0.0,,1,0,,3,3,0.0,-57.142857142857,,
10th Precinct,Traffic Fatalities,0,0.0,,0,0,,1,0,,0.0,,
13th Precinct,Murder,0,0.0,,0,0,,1,2,-50.0,-50.0,,-80.0
13th Precinct,Rape,0,1.0,-100.0,1,1,0.0,15,15,0.0,7.142857142857,87.5,15.384615384615
13th Precinct,Robbery,4,5.0,-20.0,15,16,-6.25,107,134,-20.149253731343,-6.140350877192,-13.709677419354,-86.211340206185
13th Precinct,Fel. Assault,4,5.0,-20.0,21,19,10.526315789473,213,213,0.0,23.121387283237,121.875,3.398058252427
13th Precinct,Burglary,7,9.0,-22.222222222222,18,33,-45.454545454545,226,272,-16.911764705882,59.154929577464,19.576719576719,-80.415944540727
13th Precinct,Gr. Larceny,24,23.0,4.347826086956,107,117,-8.547008547008,826,848,-2.594339622641,8.541392904073,-19.17808219178,-57.575757575757
13th Precinct,G.L.A.,0,2.0,-100.0,1,4,-75.0,18,39,-53.846153846153,-41.935483870967,-41.935483870967,-97.933409873708
13th Precinct,Transit,0,1.0,-100.0,6,8,-25.0,49,55,-10.90909090909,8.888888888888,-7.54716981132,
13th Precinct,Housing,0,0.0,,1,0,,16,11,45.454545454545,128.571428571429,60.0,
13th Precinct,Petit Larceny,42,39.0,7.692307692307,227,241,-5.809128630705,2022,1969,2.691721686135,-5.514018691588,52.373775433308,
13th Precinct,Retail Theft,27,39.0,-30.76923076923,165,217,-23.963133640553,1609,1590,1.194968553459,-11.883899233296,,
13th Precinct,Misd. Assault,19,15.0,26.666666666666,51,47,8.510638297872,416,450,-7.555555555555,-4.147465437788,43.448275862069,
13th Precinct,UCR Rape*,0,1.0,-100.0,1,1,0.0,19,19,0.0,-20.833333333333,,
13th Precinct,Other Sex Crimes,3,5.0,-40.0,9,11,-18.181818181818,95,98,-3.061224489795,1.063829787234,,
13th Precinct,Shooting Vic.,0,0.0,,0,0,,1,0,,-50.0,,-87.5
13th Precinct,Shooting Inc.,0,0.0,,0,0,,1,0,,-50.0,,-87.5
13th Precinct,Hate Crimes,0,1.0,-100.0,2,3,-33.333333333333,13,9,44.444444444444,44.444444444444,,
13th Precinct,Traffic Fatalities,1,0.0,,1,0,,1,4,-75.0,,,
14th Precinct,Murder,0,0.0,,1,0,,3,2,50.0,-25.0,,-66.666666666666
14th Precinct,Rape,2,0.0,,11,2,450.0,28,27,3.703703703703,21.739130434782,211.111111111111,-15.151515151515
14th Precinct,Robbery,10,6.0,66.666666666666,25,31,-19.354838709677,177,244,-27.459016393442,-40.802675585284,59.459459459459,-90.478752017213
14th Precinct,Fel. Assault,11,8.0,37.5,34,39,-12.820512820512,392,416,-5.76923076923,-1.507537688442,180.0,-19.672131147541
14th Precinct,Burglary,2,6.0,-66.666666666666,15,37,-59.459459459459,178,319,-44.200626959247,-33.082706766917,-24.255319148936,-90.820010314595
14th Precinct,Gr. Larceny,40,27.0,48.148148148148,110,119,-7.563025210084,1214,1235,-1.700404858299,-16.563573883161,-25.612745098039,-82.290299051787
14th Precinct,G.L.A.,1,0.0,,3,1,200.0,17,16,6.25,-59.523809523809,0.0,-93.410852713178
14th Precinct,Transit,5,4.0,25.0,16,12,33.333333333333,131,145,-9.655172413793,7.377049180327,27.184466019417,
14th Precinct,Housing,0,0.0,,0,0,,0,0,,,,
14th Precinct,Petit Larceny,74,70.0,5.714285714285,286,321,-10.903426791277,2534,2932,-13.574351978171,-20.012626262626,-25.118203309692,
14th Precinct,Retail Theft,64,52.0,23.076923076923,216,258,-16.279069767441,2013,2492,-19.22150882825,-27.875313507703,,
14th Precinct,Misd. Assault,23,27.0,-14.814814814814,85,92,-7.608695652173,773,809,-4.449938195302,1.97889182058,82.311320754717,
14th Precinct,UCR Rape*,2,0.0,,11,2,450.0,30,31,-3.225806451612,7.142857142857,,
14th Precinct,Other Sex Crimes,5,7.0,-28.571428571428,14,47,-70.212765957446,159,293,-45.733788395904,-3.636363636363,,
14th Precinct,Shooting Vic.,0,0.0,,0,0,,3,4,-25.0,-50.0,-25.0,-57.142857142857
14th Precinct,Shooting Inc.,0,0.0,,0,0,,3,2,50.0,-50.0,0.0,-50.0
14th Precinct,Hate Crimes,0,0.0,,2,1,100.0,15,11,36.363636363636,-25.0,,
14th Precinct,Traffic Fatalities,0,0.0,,1,0,,1,1,0.0,-50.0,,
17th Precinct,Murder,0,0.0,,0,0,,0,0,,-100.0,,
17th Precinct,Rape,0,2.0,-100.0,2,2,0.0,11,10,10.0,22.222222222222,175.0,0.0
17th Precinct,Robbery,1,0.0,,5,3,66.666666666666,34,44,-22.727272727272,-40.350877192982,-29.166666666666,-92.735042735042
17th Precinct,Fel. Assault,2,1.0,100.0,10,8,25.0,80,60,33.333333333333,-8.045977011494,86.046511627907,-33.884297520661
17th Precinct,Burglary,2,4.0,-50.0,8,11,-27.272727272727,49,83,-40.963855421686,-30.0,-25.757575757575,-94.34832756632
17th Precinct,Gr. Larceny,9,12.0,-25.0,40,43,-6.976744186046,350,405,-13.58024691358,-19.540229885057,-33.078393881453,-78.421701602959
17th Precinct,G.L.A.,4,0.0,,6,1,500.0,30,18,66.666666666666,42.857142857142,50.0,-93.576017130621
17th Precinct,Transit,0,0.0,,1,3,-66.666666666666,18,18,0.0,-35.714285714285,-14.285714285714,
17th Precinct,Housing,0,0.0,,0,0,,0,0,,,,
17th Precinct,Petit Larceny,13,22.0,-40.90909090909,50,63,-20.63492063492,488,691,-29.377713458755,-29.581529581529,8.685968819599,
17th Precinct,Retail Theft,9,16.0,-43.75,35,39,-10.25641025641,363,515,-29.514563106796,-35.062611806797,,
17th Precinct,Misd. Assault,5,3.0,66.666666666666,14,20,-30.0,150,140,7.142857142857,1.351351351351,-13.294797687861,
17th Precinct,UCR Rape*,0,2.0,-100.0,2,2,0.0,12,10,20.0,20.0,,
17th Precinct,Other Sex Crimes,0,0.0,,3,1,200.0,23,34,-32.35294117647,-37.837837837837,,
17th Precinct,Shooting Vic.,0,0.0,,0,0,,0,0,,,,-100.0
17th Precinct,Shooting Inc.,0,0.0,,0,0,,0,0,,,,-100.0
17th Precinct,Hate Crimes,0,0.0,,0,0,,5,7,-28.571428571428,-61.538461538461,,
17th Precinct,Traffic Fatalities,0,0.0,,0,0,,2,2,0.0,,,
18th Precinct,Murder,0,0.0,,1,0,,3,4,-25.0,0.0,0.0,-70.0
18th Precinct,Rape,0,0.0,,2,0,,17,26,-34.615384615384,88.888888888888,41.666666666666,-15.0
18th Precinct,Robbery,3,8.0,-62.5,14,18,-22.222222222222,148,188,-21.27659574468,-11.904761904761,55.78947368421,-84.944048830111
18th Precinct,Fel. Assault,10,6.0,66.666666666666,31,19,63.157894736842,278,241,15.352697095435,29.906542056074,162.264150943396,-24.45652173913
18th Precinct,Burglary,4,3.0,33.333333333333,15,21,-28.571428571428,127,145,-12.413793103448,-14.76510067114,-4.511278195488,-91.774611398963
18th Precinct,Gr. Larceny,37,40.0,-7.5,146,164,-10.975609756097,1250,1274,-1.883830455259,-4.287901990811,6.022052586938,-76.838984621085
18th Precinct,G.L.A.,3,0.0,,8,2,300.0,30,45,-33.333333333333,-31.818181818181,-21.052631578947,-91.573033707865
18th Precinct,Transit,1,2.0,-50.0,5,8,-37.5,65,63,3.174603174603,6.55737704918,54.761904761904,
18th Precinct,Housing,0,0.0,,0,0,,6,3,100.0,200.0,100.0,
18th Precinct,Petit Larceny,61,64.0,-4.6875,222,194,14.432989690721,2036,1821,11.806699615595,-10.662571303203,50.258302583025,
18th Precinct,Retail Theft,41,56.0,-26.785714285714,182,172,5.813953488372,1790,1673,6.993424985056,-18.002748511223,,
18th Precinct,Misd. Assault,16,13.0,23.076923076923,64,54,18.518518518518,617,526,17.300380228136,14.471243042671,89.263803680981,
18th Precinct,UCR Rape*,0,0.0,,2,0,,17,27,-37.037037037037,0.0,,
18th Precinct,Other Sex Crimes,6,5.0,20.0,15,14,7.142857142857,98,89,10.112359550561,24.050632911392,,
18th Precinct,Shooting Vic.,0,0.0,,0,0,,1,7,-85.714285714285,-80.0,0.0,-88.888888888888
18th Precinct,Shooting Inc.,0,0.0,,0,0,,1,3,-66.666666666666,-75.0,0.0,-85.714285714285
18th Precinct,Hate Crimes,0,1.0,-100.0,2,2,0.0,24,13,84.615384615384,200.0,,
18th Precinct,Traffic Fatalities,0,0.0,,0,0,,2,3,-33.333333333333,-33.333333333333,,
19th Precinct,Murder,0,0.0,,0,0,,1,0,,-50.0,0.0,-80.0
19th Precinct,Rape,0,1.0,-100.0,3,1,200.0,17,9,88.888888888888,30.76923076923,70.0,-19.047619047619
19th Precinct,Robbery,3,4.0,-25.0,9,13,-30.76923076923,88,124,-29.032258064516,-42.483660130719,-10.204081632653,-91.002044989775
19th Precinct,Fel. Assault,4,5.0,-20.0,19,12,58.333333333333,153,144,6.25,16.793893129771,125.0,-28.169014084507
19th Precinct,Burglary,2,5.0,-60.0,17,22,-22.727272727272,153,208,-26.442307692307,-7.272727272727,-15.469613259668,-92.421991084695
19th Precinct,Gr. Larceny,35,26.0,34.615384615384,110,130,-15.384615384615,1019,1200,-15.083333333333,-12.230835486649,13.222222222222,-61.298898594758
19th Precinct,G.L.A.,4,2.0,100.0,14,6,133.333333333333,58,40,45.0,-14.705882352941,-3.333333333333,-97.626841243862
19th Precinct,Transit,3,0.0,,4,1,300.0,33,22,50.0,-2.941176470588,57.142857142857,
19th Precinct,Housing,1,1.0,0.0,3,3,0.0,24,22,9.090909090909,4.347826086956,20.0,
19th Precinct,Petit Larceny,56,62.0,-9.677419354838,215,248,-13.306451612903,1834,2125,-13.694117647058,-20.914187149633,51.82119205298,
19th Precinct,Retail Theft,40,39.0,2.564102564102,156,189,-17.460317460317,1363,1765,-22.776203966005,-32.757770103601,,
19th Precinct,Misd. Assault,11,6.0,83.333333333333,36,24,50.0,268,262,2.290076335877,1.515151515151,6.772908366533,
19th Precinct,UCR Rape*,0,1.0,-100.0,3,1,200.0,19,12,58.333333333333,11.764705882352,,
19th Precinct,Other Sex Crimes,4,1.0,300.0,10,9,11.111111111111,50,66,-24.242424242424,-43.820224719101,,
19th Precinct,Shooting Vic.,0,0.0,,0,0,,1,0,,-66.666666666666,-66.666666666666,-50.0
19th Precinct,Shooting Inc.,0,0.0,,0,0,,1,0,,-66.666666666666,-66.666666666666,-50.0
19th Precinct,Hate Crimes,0,1.0,-100.0,0,1,-100.0,12,13,-7.692307692307,-57.142857142857,,
19th Precinct,Traffic Fatalities,0,0.0,,0,1,-100.0,2,3,-33.333333333333,-33.333333333333,,
20th Precinct,Murder,0,0.0,,0,0,,0,0,,,-100.0,-100.0
20th Precinct,Rape,0,0.0,,0,1,-100.0,6,7,-14.285714285714,-14.285714285714,-25.0,-66.666666666666
20th Precinct,Robbery,2,1.0,100.0,7,8,-12.5,60,70,-14.285714285714,-22.077922077922,-10.447761194029,-86.238532110091
20th Precinct,Fel. Assault,4,5.0,-20.0,10,11,-9.090909090909,107,61,75.409836065573,20.224719101123,127.659574468085,55.072463768115
20th Precinct,Burglary,4,3.0,33.333333333333,12,10,20.0,97,100,-3.0,2.105263157894,24.358974358974,-85.168195718654
20th Precinct,Gr. Larceny,16,21.0,-23.809523809523,60,61,-1.639344262295,519,541,-4.066543438077,-7.321428571428,10.425531914893,-62.554112554112
20th Precinct,G.L.A.,3,2.0,50.0,8,3,166.666666666667,45,35,28.571428571428,9.756097560975,95.652173913043,-94.571773220747
20th Precinct,Transit,0,0.0,,0,0,,8,16,-50.0,-55.555555555555,-60.0,
20th Precinct,Housing,2,3.0,-33.333333333333,2,4,-50.0,19,20,-5.0,-40.625,-9.523809523809,
20th Precinct,Petit Larceny,28,26.0,7.692307692307,86,99,-13.131313131313,888,1038,-14.450867052023,-5.330490405117,13.846153846153,
20th Precinct,Retail Theft,18,15.0,20.0,56,56,0.0,609,760,-19.868421052631,-18.145161290322,,
20th Precinct,Misd. Assault,11,5.0,120.0,29,19,52.631578947368,209,170,22.941176470588,22.222222222222,5.02512562814,
20th Precinct,UCR Rape*,0,0.0,,0,1,-100.0,8,10,-20.0,-11.111111111111,,
20th Precinct,Other Sex Crimes,0,0.0,,2,2,0.0,37,31,19.354838709677,76.190476190476,,
20th Precinct,Shooting Vic.,0,1.0,-100.0,0,1,-100.0,1,1,0.0,-75.0,,-50.0
20th Precinct,Shooting Inc.,0,1.0,-100.0,0,1,-100.0,1,1,0.0,-66.666666666666,,-50.0
20th Precinct,Hate Crimes,0,0.0,,1,1,0.0,11,6,83.333333333333,0.0,,
20th Precinct,Traffic Fatalities,0,0.0,,0,0,,2,1,100.0,100.0,,
22nd Precinct,Murder,0,0.0,,0,0,,0,0,,,,-100.0
22nd Precinct,Rape,0,1.0,-100.0,0,2,-100.0,4,3,33.333333333333,100.0,-33.333333333333,-42.857142857142
22nd Precinct,Robbery,4,1.0,300.0,7,2,250.0,19,7,171.428571428571,-44.117647058823,-5.0,-88.198757763975
22nd Precinct,Fel. Assault,0,1.0,-100.0,2,1,100.0,12,15,-20.0,9.090909090909,200.0,-61.290322580645
22nd Precinct,Burglary,0,0.0,,0,0,,0,1,-100.0,-100.0,-100.0,-100.0
22nd Precinct,Gr. Larceny,2,0.0,,6,4,50.0,44,36,22.222222222222,18.918918918918,-21.428571428571,-68.345323741007
22nd Precinct,G.L.A.,0,0.0,,0,0,,2,0,,,,-75.0
22nd Precinct,Transit,0,0.0,,0,0,,0,0,,,,
22nd Precinct,Housing,0,0.0,,0,0,,0,0,,,,
22nd Precinct,Petit Larceny,2,1.0,100.0,6,5,20.0,39,24,62.5,30.0,-37.096774193548,
22nd Precinct,Retail Theft,0,0.0,,0,0,,1,1,0.0,-66.666666666666,,
22nd Precinct,Misd. Assault,0,0.0,,0,0,,25,22,13.636363636363,-16.666666666666,47.058823529411,
22nd Precinct,UCR Rape*,0,1.0,-100.0,0,2,-100.0,4,4,0.0,33.333333333333,,
22nd Precinct,Other Sex Crimes,0,0.0,,2,5,-60.0,16,24,-33.333333333333,60.0,,
22nd Precinct,Shooting Vic.,0,0.0,,0,0,,0,0,,,,
22nd Precinct,Shooting Inc.,0,0.0,,0,0,,0,0,,,,
22nd Precinct,Hate Crimes,0,0.0,,0,1,-100.0,2,1,100.0,-33.333333333333,,
22nd Precinct,Traffic Fatalities,0,0.0,,0,0,,0,1,-100.0,,,
23rd Precinct,Murder,0,0.0,,0,1,-100.0,0,3,-100.0,-100.0,-100.0,-100.0
23rd Precinct,Rape,0,1.0,-100.0,0,2,-100.0,10,19,-47.368421052631,-33.333333333333,-44.444444444444,-77.777777777777
23rd Precinct,Robbery,5,4.0,25.0,10,17,-41.176470588235,115,156,-26.282051282051,-31.547619047619,-32.35294117647,-82.307692307692
23rd Precinct,Fel. Assault,13,9.0,44.444444444444,34,32,6.25,300,318,-5.66037735849,-12.536443148688,89.873417721519,-32.735426008968
23rd Precinct,Burglary,1,2.0,-50.0,7,12,-41.666666666666,62,96,-35.416666666666,-46.551724137931,-11.428571428571,-81.097560975609
23rd Precinct,Gr. Larceny,11,9.0,22.222222222222,25,29,-13.793103448275,300,326,-7.975460122699,4.529616724738,57.894736842105,-28.571428571428
23rd Precinct,G.L.A.,2,2.0,0.0,7,10,-30.0,49,62,-20.967741935483,-15.51724137931,58.064516129032,-83.161512027491
23rd Precinct,Transit,0,0.0,,0,0,,5,3,66.666666666666,0.0,0.0,
23rd Precinct,Housing,13,7.0,85.714285714285,34,41,-17.073170731707,290,322,-9.937888198757,-1.023890784982,50.259067357513,
23rd Precinct,Petit Larceny,21,10.0,110.0,101,72,40.277777777777,861,690,24.782608695652,61.538461538461,82.8025477707,
23rd Precinct,Retail Theft,6,3.0,100.0,26,13,100.0,235,176,33.522727272727,130.392156862745,,
23rd Precinct,Misd. Assault,11,19.0,-42.105263157894,56,53,5.66037735849,450,418,7.655502392344,-19.786096256684,-10.89108910891,
23rd Precinct,UCR Rape*,0,1.0,-100.0,0,3,-100.0,10,22,-54.545454545454,-52.380952380952,,
23rd Precinct,Other Sex Crimes,1,1.0,0.0,5,5,0.0,52,42,23.809523809523,15.555555555555,,
23rd Precinct,Shooting Vic.,0,0.0,,1,2,-50.0,6,6,0.0,-45.454545454545,-79.310344827586,-91.891891891891
23rd Precinct,Shooting Inc.,0,0.0,,1,2,-50.0,5,6,-16.666666666666,-37.5,-80.76923076923,-92.647058823529
23rd Precinct,Hate Crimes,0,0.0,,1,0,,3,5,-40.0,200.0,,
23rd Precinct,Traffic Fatalities,0,0.0,,0,0,,0,0,,-100.0,,
24th Precinct,Murder,0,0.0,,0,0,,1,1,0.0,,-50.0,-94.444444444444
24th Precinct,Rape,1,0.0,,2,1,100.0,11,15,-26.666666666666,10.0,37.5,-59.259259259259
24th Precinct,Robbery,4,2.0,100.0,10,7,42.857142857142,77,70,10.0,-27.358490566037,-46.896551724137,-88.024883359253
24th Precinct,Fel. Assault,1,3.0,-66.666666666666,16,13,23.076923076923,145,132,9.848484848484,31.818181818181,90.78947368421,-59.722222222222
24th Precinct,Burglary,7,2.0,250.0,27,17,58.823529411764,159,133,19.548872180451,84.883720930232,65.625,-79.269882659713
24th Precinct,Gr. Larceny,15,14.0,7.142857142857,57,53,7.54716981132,411,391,5.115089514066,13.223140495867,8.157894736842,-47.104247104247
24th Precinct,G.L.A.,2,2.0,0.0,6,3,100.0,48,29,65.51724137931,-2.04081632653,71.428571428571,-93.333333333333
24th Precinct,Transit,1,0.0,,4,1,300.0,24,22,9.090909090909,0.0,33.333333333333,
24th Precinct,Housing,2,2.0,0.0,7,12,-41.666666666666,62,85,-27.058823529411,-12.676056338028,6.896551724137,
24th Precinct,Petit Larceny,34,47.0,-27.659574468085,130,146,-10.958904109589,1203,1241,-3.062046736502,43.384982121573,57.049608355091,
24th Precinct,Retail Theft,20,29.0,-31.03448275862,78,92,-15.217391304347,735,822,-10.583941605839,60.831509846827,,
24th Precinct,Misd. Assault,8,5.0,60.0,37,27,37.037037037037,263,221,19.004524886877,13.852813852813,7.786885245901,
24th Precinct,UCR Rape*,1,0.0,,2,1,100.0,13,15,-13.333333333333,-18.75,,
24th Precinct,Other Sex Crimes,3,0.0,,7,3,133.333333333333,55,43,27.906976744186,89.655172413793,,
24th Precinct,Shooting Vic.,0,0.0,,0,0,,4,3,33.333333333333,33.333333333333,100.0,-89.473684210526
24th Precinct,Shooting Inc.,0,0.0,,0,0,,4,2,100.0,33.333333333333,100.0,-89.189189189189
24th Precinct,Hate Crimes,0,0.0,,2,1,100.0,19,6,216.666666666667,0.0,,
24th Precinct,Traffic Fatalities,0,0.0,,0,0,,1,0,,,,
25th Precinct,Murder,0,0.0,,0,0,,1,1,0.0,-85.714285714285,-87.5,-96.428571428571
25th Precinct,Rape,2,0.0,,4,1,300.0,14,13,7.692307692307,27.272727272727,7.692307692307,-51.724137931034
25th Precinct,Robbery,2,4.0,-50.0,17,10,70.0,104,137,-24.087591240875,-43.478260869565,-35.403726708074,-83.544303797468
25th Precinct,Fel. Assault,5,14.0,-64.285714285714,18,34,-47.058823529411,235,259,-9.266409266409,-35.616438356164,39.053254437869,-53.187250996015
25th Precinct,Burglary,1,2.0,-50.0,3,9,-66.666666666666,84,104,-19.230769230769,10.526315789473,3.703703703703,-77.718832891246
25th Precinct,Gr. Larceny,12,6.0,100.0,39,29,34.482758620689,261,295,-11.525423728813,-31.315789473684,65.189873417721,-10.0
25th Precinct,G.L.A.,0,1.0,-100.0,7,4,75.0,34,51,-33.333333333333,-59.036144578313,-37.037037037037,-86.122448979591
25th Precinct,Transit,0,0.0,,0,2,-100.0,15,20,-25.0,15.384615384615,-46.428571428571,
25th Precinct,Housing,3,3.0,0.0,6,15,-60.0,115,127,-9.448818897637,-4.95867768595,43.75,
25th Precinct,Petit Larceny,20,14.0,42.857142857142,56,70,-20.0,612,580,5.51724137931,-16.847826086956,-10.917030567685,
25th Precinct,Retail Theft,2,2.0,0.0,6,13,-53.846153846153,115,137,-16.058394160583,-20.689655172413,,
25th Precinct,Misd. Assault,13,13.0,0.0,55,37,48.648648648648,437,455,-3.956043956043,-22.791519434629,20.718232044198,
25th Precinct,UCR Rape*,2,0.0,,4,1,300.0,21,16,31.25,31.25,,
25th Precinct,Other Sex Crimes,4,1.0,300.0,10,6,66.666666666666,61,50,22.0,27.083333333333,,
25th Precinct,Shooting Vic.,0,2.0,-100.0,0,2,-100.0,9,9,0.0,-25.0,-68.965517241379,-83.928571428571
25th Precinct,Shooting Inc.,0,1.0,-100.0,0,1,-100.0,8,6,33.333333333333,-11.111111111111,-66.666666666666,-84.905660377358
25th Precinct,Hate Crimes,0,0.0,,0,0,,3,0,,-50.0,,
25th Precinct,Traffic Fatalities,0,0.0,,0,0,,1,2,-50.0,,,
26th Precinct,Murder,0,0.0,,0,0,,0,1,-100.0,-100.0,-100.0,-100.0
26th Precinct,Rape,0,0.0,,1,1,0.0,11,16,-31.25,120.0,-8.333333333333,-50.0
26th Precinct,Robbery,2,1.0,100.0,2,5,-60.0,50,76,-34.210526315789,-47.368421052631,-58.677685950413,-91.134751773049
26th Precinct,Fel. Assault,4,3.0,33.333333333333,20,10,100.0,130,123,5.691056910569,0.0,51.162790697674,-38.967136150234
26th Precinct,Burglary,3,1.0,200.0,7,2,250.0,45,40,12.5,12.5,-21.052631578947,-89.841986455981
26th Precinct,Gr. Larceny,8,6.0,33.333333333333,31,34,-8.823529411764,232,253,-8.300395256917,-8.300395256917,18.367346938775,-51.666666666666
26th Precinct,G.L.A.,1,1.0,0.0,6,2,200.0,38,37,2.702702702702,40.74074074074,90.0,-86.330935251798
26th Precinct,Transit,0,0.0,,1,2,-50.0,19,21,-9.523809523809,18.75,-17.391304347826,
26th Precinct,Housing,1,0.0,,13,5,160.0,76,84,-9.523809523809,-21.649484536082,24.590163934426,
26th Precinct,Petit Larceny,9,5.0,80.0,38,31,22.58064516129,337,315,6.984126984126,14.237288135593,-27.991452991453,
26th Precinct,Retail Theft,3,1.0,200.0,5,7,-28.571428571428,56,60,-6.666666666666,16.666666666666,,
26th Precinct,Misd. Assault,5,3.0,66.666666666666,22,14,57.142857142857,178,198,-10.10101010101,2.890173410404,-19.090909090909,
26th Precinct,UCR Rape*,0,0.0,,1,1,0.0,12,19,-36.842105263157,20.0,,
26th Precinct,Other Sex Crimes,1,0.0,,3,3,0.0,32,22,45.454545454545,23.076923076923,,
26th Precinct,Shooting Vic.,0,0.0,,0,0,,2,4,-50.0,-66.666666666666,-66.666666666666,-91.304347826087
26th Precinct,Shooting Inc.,0,0.0,,0,0,,2,4,-50.0,-60.0,-66.666666666666,-89.473684210526
26th Precinct,Hate Crimes,0,0.0,,0,1,-100.0,10,6,66.666666666666,42.857142857142,,
26th Precinct,Traffic Fatalities,0,0.0,,0,0,,0,0,,,,
28th Precinct,Murder,0,0.0,,0,0,,3,5,-40.0,-25.0,-40.0,-88.888888888888
28th Precinct,Rape,0,0.0,,0,0,,9,8,12.5,12.5,12.5,-66.666666666666
28th Precinct,Robbery,1,1.0,0.0,5,7,-28.571428571428,69,92,-25.0,-45.669291338582,-57.668711656441,-88.977635782747
28th Precinct,Fel. Assault,7,7.0,0.0,19,18,5.555555555555,191,191,0.0,-15.486725663716,34.507042253521,-64.56400742115
28th Precinct,Burglary,1,2.0,-50.0,6,9,-33.333333333333,51,56,-8.928571428571,-22.727272727272,-36.25,-91.904761904761
28th Precinct,Gr. Larceny,9,13.0,-30.76923076923,41,46,-10.869565217391,280,302,-7.28476821192,-25.531914893617,27.272727272727,-17.159763313609
28th Precinct,G.L.A.,1,0.0,,3,2,50.0,23,22,4.545454545454,-50.0,43.75,-77.884615384615
28th Precinct,Transit,3,1.0,200.0,4,1,300.0,26,13,100.0,73.333333333333,225.0,
28th Precinct,Housing,2,1.0,100.0,5,2,150.0,70,47,48.936170212766,4.477611940298,118.75,
28th Precinct,Petit Larceny,27,28.0,-3.571428571428,118,112,5.357142857142,1003,1110,-9.639639639639,9.617486338797,43.696275071633,
28th Precinct,Retail Theft,12,13.0,-7.692307692307,55,66,-16.666666666666,571,718,-20.473537604456,1.964285714285,,
28th Precinct,Misd. Assault,5,9.0,-44.444444444444,28,26,7.692307692307,279,315,-11.428571428571,-11.428571428571,-24.594594594594,
28th Precinct,UCR Rape*,0,0.0,,0,0,,10,10,0.0,-23.076923076923,,
28th Precinct,Other Sex Crimes,1,1.0,0.0,5,6,-16.666666666666,25,30,-16.666666666666,-28.571428571428,,
28th Precinct,Shooting Vic.,0,0.0,,0,0,,7,8,-12.5,-50.0,-61.111111111111,-90.90909090909
28th Precinct,Shooting Inc.,0,0.0,,0,0,,5,7,-28.571428571428,-54.545454545454,-68.75,-92.957746478873
28th Precinct,Hate Crimes,0,0.0,,1,0,,3,3,0.0,50.0,,
28th Precinct,Traffic Fatalities,0,0.0,,0,0,,2,0,,100.0,,
30th Precinct,Murder,0,0.0,,0,1,-100.0,0,2,-100.0,-100.0,-100.0,-100.0
30th Precinct,Rape,0,0.0,,2,0,,11,8,37.5,83.333333333333,-50.0,-71.052631578947
30th Precinct,Robbery,1,1.0,0.0,4,6,-33.333333333333,64,67,-4.477611940298,-30.434782608695,-60.975609756097,-87.426326129666
30th Precinct,Fel. Assault,4,3.0,33.333333333333,16,15,6.666666666666,153,120,27.5,-11.560693641618,9.285714285714,-71.132075471698
30th Precinct,Burglary,3,1.0,200.0,10,9,11.111111111111,81,56,44.642857142857,17.391304347826,5.194805194805,-85.245901639344
30th Precinct,Gr. Larceny,4,5.0,-20.0,26,25,4.0,219,266,-17.66917293233,-14.117647058823,106.603773584906,-9.128630705394
30th Precinct,G.L.A.,1,3.0,-66.666666666666,2,6,-66.666666666666,50,55,-9.090909090909,-5.66037735849,31.578947368421,-77.87610619469
30th Precinct,Transit,1,0.0,,3,0,,23,14,64.285714285714,43.75,155.555555555556,
30th Precinct,Housing,0,0.0,,0,0,,4,2,100.0,-20.0,-20.0,
30th Precinct,Petit Larceny,15,16.0,-6.25,66,58,13.793103448275,491,550,-10.727272727272,-10.07326007326,68.728522336769,
30th Precinct,Retail Theft,2,4.0,-50.0,10,11,-9.090909090909,63,105,-40.0,-58.0,,
30th Precinct,Misd. Assault,11,8.0,37.5,31,31,0.0,268,267,0.374531835205,2.290076335877,-27.956989247311,
30th Precinct,UCR Rape*,0,0.0,,2,0,,12,12,0.0,9.090909090909,,
30th Precinct,Other Sex Crimes,1,0.0,,6,3,100.0,40,24,66.666666666666,135.294117647059,,
30th Precinct,Shooting Vic.,0,0.0,,0,0,,3,2,50.0,-50.0,-75.0,-95.238095238095
30th Precinct,Shooting Inc.,0,0.0,,0,0,,3,2,50.0,-40.0,-70.0,-95.081967213114
30th Precinct,Hate Crimes,0,0.0,,0,0,,0,1,-100.0,-100.0,,
30th Precinct,Traffic Fatalities,0,0.0,,0,0,,2,1,100.0,,,
32nd Precinct,Murder,0,0.0,,0,0,,3,10,-70.0,-62.5,-25.0,-92.682926829268
32nd Precinct,Rape,0,2.0,-100.0,2,3,-33.333333333333,20,17,17.647058823529,81.818181818181,-13.043478260869,-70.588235294117
32nd Precinct,Robbery,5,1.0,400.0,15,18,-16.666666666666,117,167,-29.940119760479,-28.220858895705,-42.647058823529,-82.35294117647
32nd Precinct,Fel. Assault,8,12.0,-33.333333333333,37,34,8.823529411764,366,337,8.60534124629,1.949860724233,52.5,-49.237170596393
32nd Precinct,Burglary,0,5.0,-100.0,7,14,-50.0,80,99,-19.191919191919,-13.978494623655,-16.666666666666,-88.684582743988
32nd Precinct,Gr. Larceny,7,10.0,-30.0,28,28,0.0,337,289,16.608996539792,30.11583011583,53.881278538812,21.660649819494
32nd Precinct,G.L.A.,1,3.0,-66.666666666666,6,5,20.0,41,56,-26.785714285714,-34.920634920634,7.894736842105,-77.956989247311
32nd Precinct,Transit,1,0.0,,1,1,0.0,10,8,25.0,25.0,42.857142857142,
32nd Precinct,Housing,5,6.0,-16.666666666666,18,13,38.461538461538,143,163,-12.269938650306,-28.140703517587,17.213114754098,
32nd Precinct,Petit Larceny,33,15.0,120.0,106,73,45.205479452054,813,696,16.810344827586,35.274542429284,74.089935760171,
32nd Precinct,Retail Theft,13,2.0,550.0,33,15,120.0,201,145,38.620689655172,86.111111111111,,
32nd Precinct,Misd. Assault,11,20.0,-45.0,46,53,-13.207547169811,457,491,-6.924643584521,-12.284069097888,-27.689873417721,
32nd Precinct,UCR Rape*,0,2.0,-100.0,2,3,-33.333333333333,27,20,35.0,50.0,,
32nd Precinct,Other Sex Crimes,0,2.0,-100.0,6,7,-14.285714285714,57,52,9.615384615384,42.5,,
32nd Precinct,Shooting Vic.,1,1.0,0.0,1,1,0.0,15,14,7.142857142857,0.0,-51.612903225806,-83.516483516483
32nd Precinct,Shooting Inc.,1,1.0,0.0,1,1,0.0,11,11,0.0,-8.333333333333,-57.692307692307,-86.904761904761
32nd Precinct,Hate Crimes,0,0.0,,0,1,-100.0,5,4,25.0,66.666666666666,,
32nd Precinct,Traffic Fatalities,0,0.0,,0,0,,1,1,0.0,-66.666666666666,,
33rd Precinct,Murder,0,0.0,,0,0,,0,1,-100.0,-100.0,-100.0,
33rd Precinct,Rape,0,0.0,,1,1,0.0,10,15,-33.333333333333,66.666666666666,-9.090909090909,
33rd Precinct,Robbery,4,5.0,-20.0,15,13,15.384615384615,98,108,-9.259259259259,-16.949152542372,-39.877300613496,
33rd Precinct,Fel. Assault,7,5.0,40.0,25,29,-13.793103448275,236,200,18.0,27.567567567567,78.787878787878,
33rd Precinct,Burglary,0,1.0,-100.0,7,9,-22.222222222222,79,75,5.333333333333,-1.25,6.756756756756,
33rd Precinct,Gr. Larceny,6,8.0,-25.0,26,28,-7.142857142857,239,273,-12.454212454212,-11.80811808118,27.807486631016,
33rd Precinct,G.L.A.,0,1.0,-100.0,4,8,-50.0,52,105,-50.47619047619,-35.0,8.333333333333,
33rd Precinct,Transit,1,0.0,,1,0,,12,4,200.0,20.0,20.0,
33rd Precinct,Housing,0,2.0,-100.0,0,3,-100.0,10,13,-23.076923076923,-56.521739130434,11.111111111111,
33rd Precinct,Petit Larceny,34,12.0,183.333333333333,108,71,52.112676056338,612,576,6.25,-8.108108108108,44.680851063829,
33rd Precinct,Retail Theft,3,2.0,50.0,14,17,-17.647058823529,66,123,-46.341463414634,-68.115942028985,,
33rd Precinct,Misd. Assault,7,12.0,-41.666666666666,34,31,9.677419354838,287,275,4.363636363636,19.08713692946,-18.696883852691,
33rd Precinct,UCR Rape*,0,0.0,,1,2,-50.0,12,17,-29.411764705882,-7.692307692307,,
33rd Precinct,Other Sex Crimes,3,0.0,,3,3,0.0,36,40,-10.0,28.571428571428,,
33rd Precinct,Shooting Vic.,0,0.0,,0,2,-100.0,4,4,0.0,100.0,-50.0,
33rd Precinct,Shooting Inc.,0,0.0,,0,2,-100.0,2,4,-50.0,100.0,-75.0,
33rd Precinct,Hate Crimes,0,0.0,,0,0,,3,0,,50.0,,
33rd Precinct,Traffic Fatalities,0,0.0,,1,0,,4,0,,300.0,,
34th Precinct,Murder,0,0.0,,0,0,,3,1,200.0,-50.0,50.0,-93.617021276595
34th Precinct,Rape,0,1.0,-100.0,0,3,-100.0,14,17,-17.647058823529,40.0,16.666666666666,-79.710144927536
34th Precinct,Robbery,3,5.0,-40.0,12,17,-29.411764705882,162,173,-6.35838150289,-4.142011834319,-18.181818181818,-84.70254957507
34th Precinct,Fel. Assault,8,7.0,14.285714285714,28,18,55.555555555555,292,236,23.728813559322,15.873015873015,90.849673202614,-58.757062146892
34th Precinct,Burglary,5,4.0,25.0,19,13,46.153846153846,105,96,9.375,26.506024096385,-16.666666666666,-93.312101910828
34th Precinct,Gr. Larceny,16,9.0,77.777777777777,49,50,-2.0,410,406,0.985221674876,-13.502109704641,64.0,-56.842105263157
34th Precinct,G.L.A.,1,7.0,-85.714285714285,7,19,-63.157894736842,93,156,-40.384615384615,-23.770491803278,52.459016393442,-93.612637362637
34th Precinct,Transit,1,0.0,,2,4,-50.0,18,12,50.0,-21.739130434782,5.882352941176,
34th Precinct,Housing,1,0.0,,4,0,,21,17,23.529411764705,-34.375,40.0,
34th Precinct,Petit Larceny,32,26.0,23.076923076923,112,105,6.666666666666,942,972,-3.086419753086,-12.290502793296,112.641083521445,
34th Precinct,Retail Theft,6,13.0,-53.846153846153,21,36,-41.666666666666,263,416,-36.778846153846,-48.932038834951,,
34th Precinct,Misd. Assault,13,6.0,116.666666666667,38,41,-7.317073170731,422,426,-0.93896713615,1.686746987951,3.940886699507,
34th Precinct,UCR Rape*,0,1.0,-100.0,0,3,-100.0,24,21,14.285714285714,20.0,,
34th Precinct,Other Sex Crimes,3,2.0,50.0,11,3,266.666666666667,33,38,-13.157894736842,-21.428571428571,,
34th Precinct,Shooting Vic.,0,0.0,,1,0,,10,5,100.0,-47.368421052631,66.666666666666,-93.243243243243
34th Precinct,Shooting Inc.,0,0.0,,1,0,,10,5,100.0,-37.5,66.666666666666,-92.307692307692
34th Precinct,Hate Crimes,0,0.0,,0,0,,3,2,50.0,-57.142857142857,,
34th Precinct,Traffic Fatalities,0,0.0,,0,0,,4,2,100.0,-20.0,,
40th Precinct,Murder,0,0.0,,0,3,-100.0,6,10,-40.0,-33.333333333333,-53.846153846153,-89.285714285714
40th Precinct,Rape,1,0.0,,4,5,-20.0,46,46,0.0,31.428571428571,187.5,-8.0
40th Precinct,Robbery,10,22.0,-54.545454545454,45,50,-10.0,409,477,-14.255765199161,-12.419700214132,25.460122699386,-69.926470588235
40th Precinct,Fel. Assault,24,26.0,-7.692307692307,104,82,26.829268292682,822,746,10.187667560321,9.454061251664,155.27950310559,-0.363636363636
40th Precinct,Burglary,6,6.0,0.0,26,29,-10.344827586206,268,319,-15.987460815047,5.92885375494,86.111111111111,-73.333333333333
40th Precinct,Gr. Larceny,15,14.0,7.142857142857,80,79,1.26582278481,651,713,-8.695652173913,-4.824561403508,113.44262295082,16.666666666666
40th Precinct,G.L.A.,5,7.0,-28.571428571428,11,24,-54.166666666666,157,206,-23.78640776699,-10.285714285714,78.40909090909,-67.893660531697
40th Precinct,Transit,1,0.0,,3,4,-25.0,41,52,-21.153846153846,-32.786885245901,-8.888888888888,
40th Precinct,Housing,5,14.0,-64.285714285714,29,37,-21.621621621621,328,375,-12.533333333333,-7.865168539325,49.771689497716,
40th Precinct,Petit Larceny,29,33.0,-12.121212121212,134,191,-29.842931937172,1309,1474,-11.194029850746,18.676337262012,36.070686070686,
40th Precinct,Retail Theft,4,12.0,-66.666666666666,48,79,-39.240506329113,496,635,-21.889763779527,5.982905982905,,
40th Precinct,Misd. Assault,36,36.0,0.0,111,130,-14.615384615384,1032,947,8.975712777191,15.307262569832,23.592814371257,
40th Precinct,UCR Rape*,1,0.0,,5,7,-28.571428571428,52,57,-8.771929824561,10.63829787234,,
40th Precinct,Other Sex Crimes,4,1.0,300.0,15,6,150.0,95,81,17.283950617283,-21.487603305785,,
40th Precinct,Shooting Vic.,2,2.0,0.0,3,3,0.0,23,27,-14.814814814814,-36.111111111111,-52.083333333333,-86.470588235294
40th Precinct,Shooting Inc.,2,1.0,100.0,3,2,50.0,21,23,-8.695652173913,-32.258064516129,-47.5,-86.092715231788
40th Precinct,Hate Crimes,0,0.0,,0,0,,4,2,100.0,300.0,,
40th Precinct,Traffic Fatalities,0,0.0,,0,0,,2,3,-33.333333333333,-33.333333333333,,
41st Precinct,Murder,0,1.0,-100.0,1,1,0.0,2,3,-33.333333333333,-33.333333333333,-33.333333333333,-94.285714285714
41st Precinct,Rape,0,0.0,,1,1,0.0,14,30,-53.333333333333,-56.25,-26.315789473684,-44.0
41st Precinct,Robbery,2,9.0,-77.777777777777,12,27,-55.555555555555,134,197,-31.979695431472,-34.951456310679,-30.569948186528,-78.211382113821
41st Precinct,Fel. Assault,4,3.0,33.333333333333,19,23,-17.391304347826,249,299,-16.722408026755,-26.331360946745,-12.014134275618,-33.243967828418
41st Precinct,Burglary,3,3.0,0.0,16,12,33.333333333333,116,157,-26.114649681528,-18.881118881118,-28.83435582822,-84.816753926701
41st Precinct,Gr. Larceny,5,7.0,-28.571428571428,26,42,-38.095238095238,248,280,-11.428571428571,-21.518987341772,31.914893617021,-23.692307692307
41st Precinct,G.L.A.,3,0.0,,11,10,10.0,72,133,-45.864661654135,-46.666666666666,35.849056603773,-76.0
41st Precinct,Transit,1,0.0,,2,1,100.0,23,12,91.666666666666,35.294117647058,35.294117647058,
41st Precinct,Housing,0,1.0,-100.0,1,2,-50.0,9,8,12.5,-57.142857142857,-10.0,
41st Precinct,Petit Larceny,26,18.0,44.444444444444,89,50,78.0,561,590,-4.915254237288,-5.872483221476,28.965517241379,
41st Precinct,Retail Theft,4,2.0,100.0,19,6,216.666666666667,118,131,-9.923664122137,-25.316455696202,,
41st Precinct,Misd. Assault,10,26.0,-61.538461538461,49,67,-26.865671641791,462,469,-1.492537313432,-4.938271604938,-5.714285714285,
41st Precinct,UCR Rape*,0,1.0,-100.0,1,6,-83.333333333333,17,51,-66.666666666666,-67.307692307692,,
41st Precinct,Other Sex Crimes,2,1.0,100.0,3,6,-50.0,21,71,-70.422535211267,-78.571428571428,,
41st Precinct,Shooting Vic.,0,1.0,-100.0,1,1,0.0,7,10,-30.0,-41.666666666666,-65.0,-92.134831460674
41st Precinct,Shooting Inc.,0,1.0,-100.0,1,1,0.0,6,9,-33.333333333333,-45.454545454545,-66.666666666666,-92.207792207792
41st Precinct,Hate Crimes,0,0.0,,0,0,,0,1,-100.0,,,
41st Precinct,Traffic Fatalities,0,0.0,,0,1,-100.0,1,2,-50.0,-66.666666666666,,
42nd Precinct,Murder,0,0.0,,0,0,,5,7,-28.571428571428,0.0,-37.5,-76.190476190476
42nd Precinct,Rape,1,0.0,,6,6,0.0,36,29,24.137931034482,12.5,200.0,-38.983050847457
42nd Precinct,Robbery,8,9.0,-11.111111111111,32,41,-21.951219512195,225,331,-32.02416918429,-33.234421364985,13.065326633165,-74.719101123595
42nd Precinct,Fel. Assault,11,17.0,-35.294117647058,44,66,-33.333333333333,505,581,-13.080895008605,-8.014571948998,125.446428571429,-30.24861878453
42nd Precinct,Burglary,6,7.0,-14.285714285714,17,20,-15.0,147,172,-14.53488372093,-28.640776699029,41.346153846153,-80.983182406209
42nd Precinct,Gr. Larceny,9,16.0,-43.75,34,48,-29.166666666666,384,445,-13.707865168539,-5.882352941176,121.965317919075,47.692307692307
42nd Precinct,G.L.A.,4,6.0,-33.333333333333,12,17,-29.411764705882,104,185,-43.783783783783,-48.514851485148,28.395061728395,-70.949720670391
42nd Precinct,Transit,0,0.0,,0,1,-100.0,6,3,100.0,-14.285714285714,-60.0,
42nd Precinct,Housing,1,6.0,-83.333333333333,15,25,-40.0,203,226,-10.176991150442,-35.555555555555,45.0,
42nd Precinct,Petit Larceny,20,20.0,0.0,76,76,0.0,878,865,1.50289017341,18.648648648648,61.694290976058,
42nd Precinct,Retail Theft,3,2.0,50.0,16,12,33.333333333333,165,162,1.851851851851,30.952380952381,,
42nd Precinct,Misd. Assault,24,15.0,60.0,86,63,36.507936507936,669,661,1.210287443267,-4.97159090909,7.383627608346,
42nd Precinct,UCR Rape*,1,1.0,0.0,6,8,-25.0,44,34,29.411764705882,-6.382978723404,,
42nd Precinct,Other Sex Crimes,1,0.0,,11,2,450.0,64,43,48.837209302325,4.918032786885,,
42nd Precinct,Shooting Vic.,1,0.0,,2,1,100.0,18,27,-33.333333333333,-47.058823529411,-47.058823529411,-76.315789473684
42nd Precinct,Shooting Inc.,1,0.0,,2,1,100.0,16,25,-36.0,-44.827586206896,-42.857142857142,-78.947368421052
42nd Precinct,Hate Crimes,0,0.0,,0,0,,1,2,-50.0,0.0,,
42nd Precinct,Traffic Fatalities,0,0.0,,0,0,,1,2,-50.0,-66.666666666666,,
43rd Precinct,Murder,0,0.0,,1,2,-50.0,7,8,-12.5,-12.5,-12.5,-86.0
43rd Precinct,Rape,1,1.0,0.0,4,7,-42.857142857142,37,47,-21.27659574468,68.181818181818,32.142857142857,-26.0
43rd Precinct,Robbery,16,10.0,60.0,38,38,0.0,249,354,-29.661016949152,-29.859154929577,-27.19298245614,-82.696316886726
43rd Precinct,Fel. Assault,6,16.0,-62.5,41,70,-41.428571428571,559,588,-4.931972789115,-1.061946902654,48.275862068965,-19.914040114613
43rd Precinct,Burglary,5,4.0,25.0,23,17,35.294117647058,170,187,-9.090909090909,-23.423423423423,-39.929328621908,-87.003058103975
43rd Precinct,Gr. Larceny,13,22.0,-40.90909090909,65,84,-22.619047619047,549,819,-32.967032967033,-26.994680851063,32.608695652173,0.0
43rd Precinct,G.L.A.,7,4.0,75.0,21,25,-16.0,249,361,-31.024930747922,-33.422459893048,35.326086956521,-82.188841201716
43rd Precinct,Transit,0,1.0,-100.0,0,3,-100.0,13,11,18.181818181818,-27.777777777777,18.181818181818,
43rd Precinct,Housing,5,3.0,66.666666666666,16,20,-20.0,176,181,-2.762430939226,-17.370892018779,8.641975308641,
43rd Precinct,Petit Larceny,34,40.0,-15.0,152,139,9.352517985611,1328,1486,-10.632570659488,-2.567865003668,24.461105904404,
43rd Precinct,Retail Theft,12,19.0,-36.842105263157,45,53,-15.094339622641,337,462,-27.056277056277,-38.051470588235,,
43rd Precinct,Misd. Assault,22,25.0,-12.0,84,85,-1.176470588235,802,799,0.37546933667,-8.027522935779,-30.381944444444,
43rd Precinct,UCR Rape*,3,4.0,-25.0,7,11,-36.363636363636,51,58,-12.068965517241,37.837837837837,,
43rd Precinct,Other Sex Crimes,4,2.0,100.0,12,6,100.0,67,50,34.0,-21.176470588235,,
43rd Precinct,Shooting Vic.,0,1.0,-100.0,1,4,-75.0,23,25,-8.0,-4.166666666666,-34.285714285714,-79.824561403508
43rd Precinct,Shooting Inc.,0,1.0,-100.0,1,4,-75.0,19,24,-20.833333333333,-9.523809523809,-38.709677419354,-81.0
43rd Precinct,Hate Crimes,0,0.0,,0,0,,1,1,0.0,-66.666666666666,,
43rd Precinct,Traffic Fatalities,0,0.0,,0,0,,2,2,0.0,-50.0,,
44th Precinct,Murder,0,0.0,,2,1,100.0,10,8,25.0,-23.076923076923,-16.666666666666,-80.392156862745
44th Precinct,Rape,0,1.0,-100.0,4,4,0.0,42,31,35.483870967741,31.25,82.608695652173,-38.235294117647
44th Precinct,Robbery,4,9.0,-55.555555555555,35,28,25.0,319,347,-8.069164265129,-22.195121951219,-4.491017964071,-77.487649964714
44th Precinct,Fel. Assault,16,17.0,-5.882352941176,91,85,7.058823529411,748,783,-4.469987228607,-4.591836734693,86.533665835411,-27.166504381694
44th Precinct,Burglary,2,1.0,100.0,16,17,-5.882352941176,188,177,6.214689265536,-9.615384615384,0.534759358288,-87.768379960962
44th Precinct,Gr. Larceny,19,19.0,0.0,59,57,3.508771929824,516,548,-5.839416058394,-18.225039619651,92.537313432835,-13.422818791946
44th Precinct,G.L.A.,4,9.0,-55.555555555555,20,27,-25.925925925925,181,253,-28.458498023715,-32.962962962963,20.666666666666,-81.530612244898
44th Precinct,Transit,0,0.0,,5,3,66.666666666666,36,33,9.090909090909,-10.0,12.5,
44th Precinct,Housing,1,2.0,-50.0,3,6,-50.0,41,34,20.588235294117,-30.508474576271,17.142857142857,
44th Precinct,Petit Larceny,47,33.0,42.424242424242,168,127,32.283464566929,1194,1336,-10.62874251497,-16.620111731843,19.519519519519,
44th Precinct,Retail Theft,13,16.0,-18.75,55,52,5.76923076923,386,507,-23.865877712031,-42.301943198804,,
44th Precinct,Misd. Assault,26,28.0,-7.142857142857,89,94,-5.31914893617,966,938,2.985074626865,-6.395348837209,5.573770491803,
44th Precinct,UCR Rape*,1,1.0,0.0,6,7,-14.285714285714,50,45,11.111111111111,-1.960784313725,,
44th Precinct,Other Sex Crimes,3,4.0,-25.0,12,9,33.333333333333,119,95,25.263157894736,27.956989247311,,
44th Precinct,Shooting Vic.,0,1.0,-100.0,11,5,120.0,32,27,18.518518518518,-40.74074074074,-5.882352941176,-76.642335766423
44th Precinct,Shooting Inc.,0,1.0,-100.0,7,3,133.333333333333,22,20,10.0,-43.589743589743,-18.518518518518,-81.967213114754
44th Precinct,Hate Crimes,0,0.0,,0,0,,2,0,,-60.0,,
44th Precinct,Traffic Fatalities,0,0.0,,0,0,,0,2,-100.0,-100.0,,
45th Precinct,Murder,0,1.0,-100.0,0,1,-100.0,1,8,-87.5,-66.666666666666,,-90.90909090909
45th Precinct,Rape,0,0.0,,1,3,-66.666666666666,35,27,29.629629629629,150.0,118.75,84.210526315789
45th Precinct,Robbery,1,6.0,-83.333333333333,13,16,-18.75,99,166,-40.361445783132,-38.509316770186,-37.735849056603,-70.967741935483
45th Precinct,Fel. Assault,3,11.0,-72.727272727272,12,27,-55.555555555555,227,279,-18.637992831541,-13.026819923371,62.142857142857,28.977272727272
45th Precinct,Burglary,4,4.0,0.0,9,6,50.0,80,88,-9.090909090909,-32.773109243697,-65.665236051502,-87.381703470031
45th Precinct,Gr. Larceny,16,13.0,23.076923076923,44,69,-36.231884057971,440,574,-23.344947735191,-19.266055045871,28.279883381924,41.025641025641
45th Precinct,G.L.A.,9,10.0,-10.0,43,43,0.0,317,415,-23.614457831325,4.966887417218,100.632911392405,-79.10349373764
45th Precinct,Transit,1,0.0,,2,2,0.0,13,10,30.0,160.0,30.0,
45th Precinct,Housing,0,1.0,-100.0,2,2,0.0,28,47,-40.425531914893,-37.777777777777,-22.222222222222,
45th Precinct,Petit Larceny,30,15.0,100.0,116,76,52.631578947368,1023,983,4.069175991861,2.402402402402,-5.189990732159,
45th Precinct,Retail Theft,20,6.0,233.333333333333,71,25,184.0,596,486,22.633744855967,10.37037037037,,
45th Precinct,Misd. Assault,12,5.0,140.0,48,33,45.454545454545,431,382,12.82722513089,6.947890818858,40.849673202614,
45th Precinct,UCR Rape*,0,0.0,,1,3,-66.666666666666,37,29,27.586206896551,76.190476190476,,
45th Precinct,Other Sex Crimes,1,2.0,-50.0,2,8,-75.0,30,57,-47.368421052631,-37.5,,
45th Precinct,Shooting Vic.,0,0.0,,0,0,,7,15,-53.333333333333,75.0,0.0,-53.333333333333
45th Precinct,Shooting Inc.,0,0.0,,0,0,,6,11,-45.454545454545,50.0,-14.285714285714,-60.0
45th Precinct,Hate Crimes,0,0.0,,1,0,,3,4,-25.0,,,
45th Precinct,Traffic Fatalities,0,0.0,,0,1,-100.0,3,3,0.0,-40.0,,
46th Precinct,Murder,0,0.0,,1,2,-50.0,10,6,66.666666666666,-58.333333333333,11.111111111111,-78.260869565217
46th Precinct,Rape,0,0.0,,2,5,-60.0,42,32,31.25,100.0,133.333333333333,-35.384615384615
46th Precinct,Robbery,6,11.0,-45.454545454545,29,37,-21.621621621621,327,305,7.213114754098,13.541666666666,5.144694533762,-78.957528957529
46th Precinct,Fel. Assault,12,23.0,-47.826086956521,96,66,45.454545454545,806,636,26.729559748427,25.349922239502,156.687898089172,-0.861008610086
46th Precinct,Burglary,6,4.0,50.0,21,21,0.0,158,140,12.857142857142,1.935483870967,3.947368421052,-90.516206482593
46th Precinct,Gr. Larceny,12,15.0,-20.0,50,59,-15.254237288135,484,481,0.6237006237,-3.2,119.004524886878,-32.871012482663
46th Precinct,G.L.A.,1,4.0,-75.0,9,12,-25.0,120,187,-35.828877005347,-22.58064516129,37.931034482758,-81.818181818181
46th Precinct,Transit,1,1.0,0.0,4,2,100.0,29,21,38.095238095238,81.25,26.086956521739,
46th Precinct,Housing,1,2.0,-50.0,6,5,20.0,37,33,12.121212121212,60.869565217391,105.555555555556,
46th Precinct,Petit Larceny,38,19.0,100.0,108,72,50.0,819,730,12.191780821917,17.672413793103,19.040697674418,
46th Precinct,Retail Theft,8,2.0,300.0,19,26,-26.923076923076,153,206,-25.728155339805,-34.893617021276,,
46th Precinct,Misd. Assault,33,20.0,65.0,95,73,30.136986301369,871,753,15.670650730411,5.193236714975,-8.025343189017,
46th Precinct,UCR Rape*,0,0.0,,2,8,-75.0,51,43,18.60465116279,54.545454545454,,
46th Precinct,Other Sex Crimes,1,1.0,0.0,2,6,-66.666666666666,65,65,0.0,-7.142857142857,,
46th Precinct,Shooting Vic.,0,0.0,,0,1,-100.0,22,22,0.0,-56.862745098039,-51.111111111111,-83.458646616541
46th Precinct,Shooting Inc.,0,0.0,,0,1,-100.0,21,18,16.666666666666,-47.5,-44.736842105263,-82.926829268292
46th Precinct,Hate Crimes,0,0.0,,0,0,,2,1,100.0,,,
46th Precinct,Traffic Fatalities,0,0.0,,0,0,,1,1,0.0,-50.0,,
47th Precinct,Murder,1,0.0,,1,0,,10,10,0.0,100.0,-47.368421052631,-52.380952380952
47th Precinct,Rape,0,3.0,-100.0,7,8,-12.5,45,47,-4.255319148936,40.625,50.0,-18.181818181818
47th Precinct,Robbery,8,11.0,-27.272727272727,26,40,-35.0,277,360,-23.055555555555,-27.296587926509,-6.101694915254,-72.465208747514
47th Precinct,Fel. Assault,14,13.0,7.692307692307,74,108,-31.481481481481,655,753,-13.014608233731,13.518197573656,114.754098360656,1.708074534161
47th Precinct,Burglary,4,6.0,-33.333333333333,7,16,-56.25,155,188,-17.553191489361,-22.5,-34.873949579831,-88.669590643274
47th Precinct,Gr. Larceny,10,18.0,-44.444444444444,64,88,-27.272727272727,582,724,-19.613259668508,-12.874251497006,156.387665198238,45.864661654135
47th Precinct,G.L.A.,8,12.0,-33.333333333333,37,49,-24.489795918367,362,487,-25.667351129363,-9.273182957393,56.03448275862,-69.138959931798
47th Precinct,Transit,0,0.0,,1,0,,31,21,47.619047619047,40.90909090909,63.157894736842,
47th Precinct,Housing,2,6.0,-66.666666666666,8,19,-57.894736842105,110,114,-3.508771929824,34.146341463414,107.547169811321,
47th Precinct,Petit Larceny,38,24.0,58.333333333333,132,112,17.857142857142,1172,1054,11.195445920303,26.293103448275,117.037037037037,
47th Precinct,Retail Theft,4,3.0,33.333333333333,12,13,-7.692307692307,114,162,-29.629629629629,-58.394160583941,,
47th Precinct,Misd. Assault,33,17.0,94.117647058823,109,108,0.925925925925,853,911,-6.366630076838,4.53431372549,20.821529745042,
47th Precinct,UCR Rape*,0,3.0,-100.0,9,9,0.0,56,58,-3.448275862068,16.666666666666,,
47th Precinct,Other Sex Crimes,2,2.0,0.0,7,11,-36.363636363636,65,78,-16.666666666666,1.5625,,
47th Precinct,Shooting Vic.,1,0.0,,3,1,200.0,37,33,12.121212121212,54.166666666666,-24.489795918367,-64.761904761904
47th Precinct,Shooting Inc.,1,0.0,,3,1,200.0,30,24,25.0,87.5,-25.0,-70.0
47th Precinct,Hate Crimes,0,0.0,,0,0,,4,1,300.0,,,
47th Precinct,Traffic Fatalities,0,0.0,,1,0,,5,3,66.666666666666,400.0,,
48th Precinct,Murder,0,0.0,,0,1,-100.0,3,12,-75.0,-57.142857142857,0.0,-89.285714285714
48th Precinct,Rape,1,2.0,-50.0,2,3,-33.333333333333,32,30,6.666666666666,60.0,128.571428571429,-28.888888888888
48th Precinct,Robbery,7,8.0,-12.5,30,35,-14.285714285714,230,340,-32.35294117647,-33.908045977011,-12.878787878787,-71.285892634207
48th Precinct,Fel. Assault,13,17.0,-23.529411764705,74,49,51.020408163265,540,535,0.934579439252,-1.279707495429,97.080291970802,5.263157894736
48th Precinct,Burglary,1,5.0,-80.0,21,19,10.526315789473,209,202,3.465346534653,-7.522123893805,18.75,-78.138075313807
48th Precinct,Gr. Larceny,11,16.0,-31.25,48,51,-5.882352941176,443,469,-5.543710021321,-4.319654427645,84.583333333333,31.065088757396
48th Precinct,G.L.A.,1,3.0,-66.666666666666,15,10,50.0,139,191,-27.225130890052,-38.222222222222,65.47619047619,-64.987405541561
48th Precinct,Transit,0,0.0,,2,0,,11,8,37.5,175.0,83.333333333333,
48th Precinct,Housing,1,0.0,,4,0,,17,10,70.0,-22.727272727272,54.545454545454,
48th Precinct,Petit Larceny,30,26.0,15.384615384615,102,112,-8.928571428571,865,1027,-15.774099318403,9.911054637865,21.659634317862,
48th Precinct,Retail Theft,5,5.0,0.0,21,28,-25.0,193,261,-26.053639846743,-18.22033898305,,
48th Precinct,Misd. Assault,24,19.0,26.315789473684,76,76,0.0,712,770,-7.532467532467,-2.864938608458,-2.997275204359,
48th Precinct,UCR Rape*,1,2.0,-50.0,3,3,0.0,36,39,-7.692307692307,5.882352941176,,
48th Precinct,Other Sex Crimes,3,0.0,,9,5,80.0,63,51,23.529411764705,16.666666666666,,
48th Precinct,Shooting Vic.,0,1.0,-100.0,1,5,-80.0,25,26,-3.846153846153,-19.354838709677,-19.354838709677,-73.684210526315
48th Precinct,Shooting Inc.,0,1.0,-100.0,1,5,-80.0,21,22,-4.545454545454,-19.230769230769,-19.230769230769,-74.390243902439
48th Precinct,Hate Crimes,0,0.0,,0,0,,3,1,200.0,50.0,,
48th Precinct,Traffic Fatalities,0,0.0,,0,0,,0,0,,-100.0,,
49th Precinct,Murder,0,0.0,,0,1,-100.0,3,4,-25.0,0.0,-66.666666666666,-66.666666666666
49th Precinct,Rape,1,0.0,,2,2,0.0,27,22,22.727272727272,-3.571428571428,58.823529411764,3.846153846153
49th Precinct,Robbery,7,8.0,-12.5,29,31,-6.451612903225,239,213,12.206572769953,33.519553072625,16.019417475728,-50.414937759336
49th Precinct,Fel. Assault,11,21.0,-47.619047619047,47,53,-11.320754716981,432,401,7.730673316708,20.0,129.787234042553,92.0
49th Precinct,Burglary,9,4.0,125.0,26,12,116.666666666667,176,169,4.142011834319,40.8,-34.814814814814,-83.349101229895
49th Precinct,Gr. Larceny,12,15.0,-20.0,43,70,-38.571428571428,455,579,-21.416234887737,-28.571428571428,45.367412140575,4.118993135011
49th Precinct,G.L.A.,6,9.0,-33.333333333333,40,38,5.263157894736,271,391,-30.690537084399,-19.345238095238,66.257668711656,-80.0
49th Precinct,Transit,1,0.0,,1,0,,15,12,25.0,-16.666666666666,15.384615384615,
49th Precinct,Housing,1,2.0,-50.0,8,9,-11.111111111111,101,80,26.25,24.691358024691,114.893617021277,
49th Precinct,Petit Larceny,29,47.0,-38.297872340425,149,147,1.360544217687,1181,1291,-8.52052672347,26.040554962646,77.061469265367,
49th Precinct,Retail Theft,10,16.0,-37.5,50,63,-20.63492063492,536,515,4.077669902912,50.561797752809,,
49th Precinct,Misd. Assault,16,5.0,220.0,56,31,80.645161290322,477,484,-1.446280991735,12.235294117647,5.298013245033,
49th Precinct,UCR Rape*,1,0.0,,2,3,-33.333333333333,29,26,11.538461538461,-9.375,,
49th Precinct,Other Sex Crimes,1,2.0,-50.0,6,6,0.0,45,49,-8.163265306122,2.272727272727,,
49th Precinct,Shooting Vic.,0,1.0,-100.0,1,6,-83.333333333333,8,12,-33.333333333333,-52.941176470588,-61.904761904761,-72.413793103448
49th Precinct,Shooting Inc.,0,1.0,-100.0,1,2,-50.0,7,7,0.0,-53.333333333333,-58.823529411764,-72.0
49th Precinct,Hate Crimes,0,0.0,,0,0,,1,1,0.0,0.0,,
49th Precinct,Traffic Fatalities,0,0.0,,0,0,,1,0,,-66.666666666666,,
50th Precinct,Murder,0,0.0,,0,0,,8,1,700.0,700.0,60.0,14.285714285714
50th Precinct,Rape,0,2.0,-100.0,0,3,-100.0,29,21,38.095238095238,190.0,314.285714285714,81.25
50th Precinct,Robbery,0,2.0,-100.0,11,11,0.0,93,82,13.414634146341,-13.084112149532,-20.51282051282,-78.220140515222
50th Precinct,Fel. Assault,4,5.0,-20.0,23,26,-11.538461538461,190,173,9.826589595375,4.972375690607,111.111111111111,-5.940594059405
50th Precinct,Burglary,1,1.0,0.0,6,11,-45.454545454545,68,102,-33.333333333333,-44.715447154471,-38.738738738738,-91.807228915662
50th Precinct,Gr. Larceny,17,8.0,112.5,47,36,30.555555555555,371,426,-12.910798122065,-34.567901234567,45.490196078431,11.746987951807
50th Precinct,G.L.A.,1,4.0,-75.0,15,25,-40.0,199,201,-0.995024875621,-18.442622950819,123.595505617978,-84.866920152091
50th Precinct,Transit,1,1.0,0.0,2,1,100.0,9,7,28.571428571428,125.0,-35.714285714285,
50th Precinct,Housing,0,0.0,,1,6,-83.333333333333,31,40,-22.5,-39.215686274509,-6.060606060606,
50th Precinct,Petit Larceny,13,36.0,-63.888888888888,70,86,-18.60465116279,780,822,-5.109489051094,-1.88679245283,36.842105263157,
50th Precinct,Retail Theft,7,5.0,40.0,29,13,123.076923076923,236,232,1.724137931034,-25.079365079365,,
50th Precinct,Misd. Assault,12,5.0,140.0,28,28,0.0,301,273,10.25641025641,22.357723577235,9.454545454545,
50th Precinct,UCR Rape*,1,2.0,-50.0,1,3,-66.666666666666,38,25,52.0,111.111111111111,,
50th Precinct,Other Sex Crimes,3,1.0,200.0,10,3,233.333333333333,78,32,143.75,116.666666666667,,
50th Precinct,Shooting Vic.,0,0.0,,0,2,-100.0,12,9,33.333333333333,300.0,140.0,33.333333333333
50th Precinct,Shooting Inc.,0,0.0,,0,1,-100.0,7,6,16.666666666666,133.333333333333,40.0,0.0
50th Precinct,Hate Crimes,0,0.0,,0,0,,9,0,,350.0,,
50th Precinct,Traffic Fatalities,0,0.0,,0,1,-100.0,3,1,200.0,200.0,,
52nd Precinct,Murder,0,0.0,,0,0,,6,5,20.0,-25.0,-25.0,-78.571428571428
52nd Precinct,Rape,1,2.0,-50.0,4,4,0.0,37,38,-2.631578947368,27.586206896551,54.166666666666,-19.565217391304
52nd Precinct,Robbery,10,13.0,-23.076923076923,41,36,13.888888888888,345,355,-2.81690140845,-9.921671018276,-3.361344537815,-70.935130581297
52nd Precinct,Fel. Assault,22,24.0,-8.333333333333,74,82,-9.756097560975,726,675,7.555555555555,22.842639593908,118.018018018018,52.201257861635
52nd Precinct,Burglary,1,3.0,-66.666666666666,12,20,-40.0,153,153,0.0,5.51724137931,-44.964028776978,-90.799759470835
52nd Precinct,Gr. Larceny,17,18.0,-5.555555555555,74,78,-5.128205128205,590,659,-10.470409711684,-5.6,47.132169576059,-8.95061728395
52nd Precinct,G.L.A.,0,6.0,-100.0,17,17,0.0,172,235,-26.808510638297,-34.351145038167,37.6,-84.220183486238
52nd Precinct,Transit,1,1.0,0.0,6,3,100.0,33,33,0.0,-8.333333333333,73.684210526315,
52nd Precinct,Housing,0,0.0,,1,0,,5,2,150.0,25.0,-28.571428571428,
52nd Precinct,Petit Larceny,60,35.0,71.428571428571,191,136,40.441176470588,1499,1209,23.986765922249,11.284335560504,64.184008762322,
52nd Precinct,Retail Theft,26,13.0,100.0,100,56,78.571428571428,796,497,60.160965794768,8.152173913043,,
52nd Precinct,Misd. Assault,12,18.0,-33.333333333333,88,82,7.317073170731,718,682,5.278592375366,12.363067292644,8.623298033282,
52nd Precinct,UCR Rape*,2,3.0,-33.333333333333,5,6,-16.666666666666,45,46,-2.173913043478,-2.173913043478,,
52nd Precinct,Other Sex Crimes,3,4.0,-25.0,7,13,-46.153846153846,70,97,-27.835051546391,-17.647058823529,,
52nd Precinct,Shooting Vic.,1,0.0,,1,3,-66.666666666666,14,14,0.0,-54.838709677419,-56.25,-76.666666666666
52nd Precinct,Shooting Inc.,1,0.0,,1,1,0.0,12,11,9.090909090909,-29.411764705882,-50.0,-77.777777777777
52nd Precinct,Hate Crimes,0,0.0,,0,0,,2,1,100.0,0.0,,
52nd Precinct,Traffic Fatalities,0,0.0,,0,0,,2,2,0.0,-33.333333333333,,
60th Precinct,Murder,0,1.0,-100.0,0,1,-100.0,2,4,-50.0,100.0,-66.666666666666,-88.888888888888
60th Precinct,Rape,0,0.0,,2,3,-33.333333333333,22,35,-37.142857142857,69.230769230769,120.0,-8.333333333333
60th Precinct,Robbery,3,7.0,-57.142857142857,8,15,-46.666666666666,119,117,1.709401709401,-10.526315789473,-39.593908629441,-84.879288437102
60th Precinct,Fel. Assault,13,8.0,62.5,42,39,7.692307692307,364,325,12.0,35.820895522388,124.691358024691,-36.363636363636
60th Precinct,Burglary,1,1.0,0.0,10,10,0.0,102,80,27.5,54.545454545454,-15.0,-85.931034482758
60th Precinct,Gr. Larceny,7,10.0,-30.0,27,45,-40.0,282,305,-7.540983606557,7.633587786259,-36.77130044843,-43.486973947895
60th Precinct,G.L.A.,2,2.0,0.0,15,9,66.666666666666,78,79,-1.26582278481,-7.142857142857,-9.302325581395,-90.736342042755
60th Precinct,Transit,1,0.0,,5,7,-28.571428571428,35,38,-7.894736842105,52.173913043478,34.615384615384,
60th Precinct,Housing,4,4.0,0.0,15,14,7.142857142857,113,114,-0.877192982456,11.881188118811,29.885057471264,
60th Precinct,Petit Larceny,27,27.0,0.0,80,84,-4.761904761904,740,718,3.064066852367,1.788170563961,-19.913419913419,
60th Precinct,Retail Theft,7,5.0,40.0,18,16,12.5,170,186,-8.602150537634,-13.265306122449,,
60th Precinct,Misd. Assault,20,15.0,33.333333333333,64,58,10.344827586206,537,579,-7.253886010362,-2.717391304347,38.046272493573,
60th Precinct,UCR Rape*,0,0.0,,3,3,0.0,25,37,-32.432432432432,13.636363636363,,
60th Precinct,Other Sex Crimes,2,0.0,,10,2,400.0,61,53,15.094339622641,60.526315789473,,
60th Precinct,Shooting Vic.,0,0.0,,0,3,-100.0,18,9,100.0,1700.0,20.0,-64.0
60th Precinct,Shooting Inc.,0,0.0,,0,2,-100.0,10,8,25.0,900.0,-16.666666666666,-75.0
60th Precinct,Hate Crimes,0,1.0,-100.0,1,1,0.0,8,10,-20.0,100.0,,
60th Precinct,Traffic Fatalities,0,0.0,,0,0,,0,0,,-100.0,,
61st Precinct,Murder,0,0.0,,0,0,,1,2,-50.0,0.0,-66.666666666666,-75.0
61st Precinct,Rape,0,0.0,,0,1,-100.0,16,11,45.454545454545,14.285714285714,433.333333333333,-5.882352941176
61st Precinct,Robbery,1,4.0,-75.0,12,12,0.0,88,106,-16.981132075471,-16.981132075471,-19.266055045871,-86.163522012578
61st Precinct,Fel. Assault,3,7.0,-57.142857142857,22,20,10.0,194,207,-6.280193236714,-2.51256281407,162.162162162162,-17.796610169491
61st Precinct,Burglary,3,2.0,50.0,17,9,88.888888888888,106,112,-5.357142857142,-10.169491525423,-43.915343915343,-92.900200937709
61st Precinct,Gr. Larceny,18,14.0,28.571428571428,54,58,-6.896551724137,454,432,5.092592592592,1.793721973094,66.911764705882,-56.638013371537
61st Precinct,G.L.A.,1,5.0,-80.0,9,16,-43.75,111,166,-33.132530120481,-38.674033149171,-20.714285714285,-95.474928658785
61st Precinct,Transit,1,0.0,,1,1,0.0,13,12,8.333333333333,-13.333333333333,18.181818181818,
61st Precinct,Housing,0,1.0,-100.0,4,4,0.0,40,46,-13.043478260869,-28.571428571428,110.526315789474,
61st Precinct,Petit Larceny,26,24.0,8.333333333333,96,100,-4.0,781,810,-3.58024691358,-7.900943396226,0.904392764857,
61st Precinct,Retail Theft,13,7.0,85.714285714285,37,37,0.0,369,303,21.782178217821,1.933701657458,,
61st Precinct,Misd. Assault,10,9.0,11.111111111111,38,38,0.0,331,372,-11.021505376344,-2.071005917159,-8.815426997245,
61st Precinct,UCR Rape*,0,0.0,,0,2,-100.0,22,12,83.333333333333,15.78947368421,,
61st Precinct,Other Sex Crimes,0,1.0,-100.0,6,7,-14.285714285714,26,38,-31.578947368421,4.0,,
61st Precinct,Shooting Vic.,0,1.0,-100.0,0,2,-100.0,5,3,66.666666666666,-16.666666666666,150.0,-82.142857142857
61st Precinct,Shooting Inc.,0,1.0,-100.0,0,2,-100.0,5,3,66.666666666666,25.0,400.0,-76.190476190476
61st Precinct,Hate Crimes,0,1.0,-100.0,0,2,-100.0,14,14,0.0,-39.130434782608,,
61st Precinct,Traffic Fatalities,0,0.0,,0,1,-100.0,0,5,-100.0,-100.0,,
62nd Precinct,Murder,0,0.0,,0,0,,1,0,,-83.333333333333,-83.333333333333,-87.5
62nd Precinct,Rape,2,0.0,,2,1,100.0,19,10,90.0,58.333333333333,137.5,11.764705882352
62nd Precinct,Robbery,2,6.0,-66.666666666666,13,14,-7.142857142857,104,97,7.21649484536,4.0,-18.110236220472,-81.362007168458
62nd Precinct,Fel. Assault,12,3.0,300.0,26,17,52.941176470588,209,184,13.586956521739,9.424083769633,145.882352941176,-5.0
62nd Precinct,Burglary,3,2.0,50.0,8,7,14.285714285714,95,113,-15.929203539823,-6.862745098039,-54.326923076923,-91.456834532374
62nd Precinct,Gr. Larceny,8,9.0,-11.111111111111,42,49,-14.285714285714,423,432,-2.083333333333,-7.843137254901,42.905405405405,-23.090909090909
62nd Precinct,G.L.A.,6,2.0,200.0,15,7,114.285714285714,120,136,-11.764705882352,-6.976744186046,0.0,-90.719257540603
62nd Precinct,Transit,0,1.0,-100.0,0,3,-100.0,16,19,-15.78947368421,0.0,-23.809523809523,
62nd Precinct,Housing,0,0.0,,0,0,,0,0,,,,
62nd Precinct,Petit Larceny,24,40.0,-40.0,95,102,-6.862745098039,996,1095,-9.04109589041,-22.004698512137,39.69144460028,
62nd Precinct,Retail Theft,15,18.0,-16.666666666666,48,40,20.0,484,569,-14.938488576449,-34.594594594594,,
62nd Precinct,Misd. Assault,14,20.0,-30.0,62,65,-4.615384615384,486,486,0.0,5.652173913043,52.351097178683,
62nd Precinct,UCR Rape*,2,0.0,,3,1,200.0,23,11,109.090909090909,43.75,,
62nd Precinct,Other Sex Crimes,2,2.0,0.0,4,5,-20.0,62,38,63.157894736842,72.222222222222,,
62nd Precinct,Shooting Vic.,0,0.0,,0,0,,4,2,100.0,100.0,,300.0
62nd Precinct,Shooting Inc.,0,0.0,,0,0,,3,2,50.0,200.0,,200.0
62nd Precinct,Hate Crimes,0,0.0,,0,0,,6,4,50.0,-50.0,,
62nd Precinct,Traffic Fatalities,0,0.0,,0,0,,3,4,-25.0,,,
63rd Precinct,Murder,0,0.0,,0,0,,1,3,-66.666666666666,-50.0,0.0,-91.666666666666
63rd Precinct,Rape,0,1.0,-100.0,0,1,-100.0,15,11,36.363636363636,114.285714285714,7.142857142857,-16.666666666666
63rd Precinct,Robbery,1,2.0,-50.0,6,10,-40.0,78,74,5.405405405405,-11.363636363636,-52.147239263803,-84.016393442623
63rd Precinct,Fel. Assault,1,3.0,-66.666666666666,9,12,-25.0,130,108,20.37037037037,-2.255639097744,32.653061224489,-47.154471544715
63rd Precinct,Burglary,1,0.0,,4,4,0.0,58,47,23.404255319148,7.407407407407,-71.144278606965,-93.003618817852
63rd Precinct,Gr. Larceny,12,10.0,20.0,33,48,-31.25,328,377,-12.997347480106,-23.00469483568,-5.747126436781,-30.36093418259
63rd Precinct,G.L.A.,3,6.0,-50.0,13,18,-27.777777777777,92,114,-19.298245614035,-27.55905511811,-23.96694214876,-95.434243176178
63rd Precinct,Transit,0,0.0,,0,0,,0,0,,,,
63rd Precinct,Housing,0,0.0,,0,1,-100.0,25,15,66.666666666666,4.166666666666,4.166666666666,
63rd Precinct,Petit Larceny,19,29.0,-34.482758620689,86,110,-21.818181818181,884,927,-4.638619201726,-23.396880415944,23.463687150838,
63rd Precinct,Retail Theft,18,18.0,0.0,58,72,-19.444444444444,645,651,-0.921658986175,-32.531380753138,,
63rd Precinct,Misd. Assault,9,6.0,50.0,24,31,-22.58064516129,245,225,8.888888888888,5.603448275862,-7.196969696969,
63rd Precinct,UCR Rape*,0,1.0,-100.0,0,1,-100.0,16,12,33.333333333333,23.076923076923,,
63rd Precinct,Other Sex Crimes,2,0.0,,5,1,400.0,17,16,6.25,-41.379310344827,,
63rd Precinct,Shooting Vic.,0,0.0,,0,0,,4,5,-20.0,100.0,-71.428571428571,-85.714285714285
63rd Precinct,Shooting Inc.,0,0.0,,0,0,,3,5,-40.0,50.0,-72.727272727272,-88.0
63rd Precinct,Hate Crimes,2,0.0,,2,0,,7,2,250.0,-36.363636363636,,
63rd Precinct,Traffic Fatalities,0,0.0,,0,1,-100.0,1,3,-66.666666666666,,,
66th Precinct,Murder,0,0.0,,0,0,,1,1,0.0,-80.0,,-87.5
66th Precinct,Rape,1,1.0,0.0,3,2,50.0,16,13,23.076923076923,23.076923076923,128.571428571429,14.285714285714
66th Precinct,Robbery,1,2.0,-50.0,4,6,-33.333333333333,71,71,0.0,-14.457831325301,-44.53125,-86.105675146771
66th Precinct,Fel. Assault,7,3.0,133.333333333333,27,13,107.692307692308,174,164,6.097560975609,12.258064516129,51.304347826087,-27.5
66th Precinct,Burglary,4,1.0,300.0,9,6,50.0,80,88,-9.090909090909,-9.090909090909,-71.014492753623,-93.511759935117
66th Precinct,Gr. Larceny,5,13.0,-61.538461538461,24,35,-31.428571428571,309,324,-4.629629629629,-21.573604060913,9.187279151943,-34.672304439746
66th Precinct,G.L.A.,1,4.0,-75.0,8,18,-55.555555555555,154,167,-7.784431137724,11.59420289855,48.076923076923,-88.108108108108
66th Precinct,Transit,0,1.0,-100.0,0,2,-100.0,8,13,-38.461538461538,-38.461538461538,-50.0,
66th Precinct,Housing,0,0.0,,0,0,,0,0,,,,
66th Precinct,Petit Larceny,16,11.0,45.454545454545,63,55,14.545454545454,584,688,-15.116279069767,-17.514124293785,-11.782477341389,
66th Precinct,Retail Theft,4,2.0,100.0,9,9,0.0,99,107,-7.476635514018,-43.428571428571,,
66th Precinct,Misd. Assault,4,8.0,-50.0,25,35,-28.571428571428,251,273,-8.058608058608,-16.053511705685,-19.551282051282,
66th Precinct,UCR Rape*,1,1.0,0.0,3,3,0.0,25,15,66.666666666666,8.695652173913,,
66th Precinct,Other Sex Crimes,1,1.0,0.0,4,5,-20.0,42,42,0.0,-14.285714285714,,
66th Precinct,Shooting Vic.,0,0.0,,0,0,,4,0,,,-42.857142857142,-75.0
66th Precinct,Shooting Inc.,0,0.0,,0,0,,4,0,,,0.0,-75.0
66th Precinct,Hate Crimes,0,1.0,-100.0,0,1,-100.0,15,11,36.363636363636,36.363636363636,,
66th Precinct,Traffic Fatalities,0,0.0,,0,0,,2,5,-60.0,-50.0,,
67th Precinct,Murder,1,0.0,,2,0,,6,8,-25.0,-25.0,-64.705882352941,-82.857142857142
67th Precinct,Rape,2,0.0,,4,0,,32,22,45.454545454545,14.285714285714,33.333333333333,-59.493670886075
67th Precinct,Robbery,6,1.0,500.0,29,23,26.086956521739,176,204,-13.725490196078,-6.878306878306,-37.588652482269,-89.844200807847
67th Precinct,Fel. Assault,12,9.0,33.333333333333,66,54,22.222222222222,511,546,-6.410256410256,-18.108974358974,53.453453453453,-45.580404685836
67th Precinct,Burglary,5,3.0,66.666666666666,12,17,-29.411764705882,86,137,-37.226277372262,-42.666666666666,-69.395017793594,-94.216543375924
67th Precinct,Gr. Larceny,11,14.0,-21.428571428571,52,64,-18.75,427,504,-15.277777777777,0.0,8.375634517766,-22.504537205081
67th Precinct,G.L.A.,9,4.0,125.0,18,15,20.0,126,143,-11.888111888111,-14.285714285714,-41.121495327102,-91.340206185567
67th Precinct,Transit,1,0.0,,2,0,,6,4,50.0,50.0,0.0,
67th Precinct,Housing,0,0.0,,0,1,-100.0,1,8,-87.5,-66.666666666666,0.0,
67th Precinct,Petit Larceny,28,25.0,12.0,114,89,28.089887640449,1013,804,25.995024875621,15.244596131968,45.755395683453,
67th Precinct,Retail Theft,7,5.0,40.0,34,13,161.538461538462,236,141,67.375886524822,76.119402985074,,
67th Precinct,Misd. Assault,18,8.0,125.0,60,51,17.647058823529,649,641,1.248049921996,-7.285714285714,-4.558823529411,
67th Precinct,UCR Rape*,2,0.0,,6,1,500.0,41,27,51.851851851851,-2.380952380952,,
67th Precinct,Other Sex Crimes,2,5.0,-60.0,9,12,-25.0,55,66,-16.666666666666,7.843137254901,,
67th Precinct,Shooting Vic.,0,0.0,,1,2,-50.0,11,34,-67.647058823529,-57.692307692307,-81.03448275862,-93.413173652694
67th Precinct,Shooting Inc.,0,0.0,,1,2,-50.0,9,26,-65.384615384615,-59.090909090909,-82.0,-94.155844155844
67th Precinct,Hate Crimes,0,0.0,,0,0,,1,3,-66.666666666666,-80.0,,
67th Precinct,Traffic Fatalities,0,0.0,,1,0,,3,4,-25.0,50.0,,
68th Precinct,Murder,1,0.0,,1,0,,3,0,,50.0,200.0,-25.0
68th Precinct,Rape,0,0.0,,0,0,,5,11,-54.545454545454,-28.571428571428,-16.666666666666,-77.272727272727
68th Precinct,Robbery,2,1.0,100.0,7,6,16.666666666666,49,47,4.255319148936,-2.0,-34.666666666666,-87.75
68th Precinct,Fel. Assault,1,1.0,0.0,6,4,50.0,101,105,-3.809523809523,16.091954022988,34.666666666666,-51.674641148325
68th Precinct,Burglary,2,0.0,,8,4,100.0,62,54,14.814814814814,-10.144927536231,-65.555555555555,-92.230576441102
68th Precinct,Gr. Larceny,4,13.0,-69.230769230769,26,37,-29.729729729729,242,279,-13.261648745519,-11.678832116788,7.079646017699,-24.610591900311
68th Precinct,G.L.A.,2,4.0,-50.0,16,9,77.777777777777,127,97,30.927835051546,-13.013698630137,13.392857142857,-90.856731461483
68th Precinct,Transit,1,0.0,,1,0,,4,5,-20.0,-42.857142857142,-42.857142857142,
68th Precinct,Housing,0,0.0,,0,0,,0,0,,,,
68th Precinct,Petit Larceny,11,16.0,-31.25,58,73,-20.547945205479,573,731,-21.614227086183,-45.584045584045,-31.704410011919,
68th Precinct,Retail Theft,5,7.0,-28.571428571428,17,35,-51.428571428571,141,341,-58.651026392961,-78.571428571428,,
68th Precinct,Misd. Assault,10,10.0,0.0,41,24,70.833333333333,293,290,1.03448275862,12.692307692307,7.326007326007,
68th Precinct,UCR Rape*,0,0.0,,0,0,,5,15,-66.666666666666,-50.0,,
68th Precinct,Other Sex Crimes,2,1.0,100.0,4,3,33.333333333333,28,30,-6.666666666666,-33.333333333333,,
68th Precinct,Shooting Vic.,0,0.0,,0,0,,0,0,,,-100.0,-100.0
68th Precinct,Shooting Inc.,0,0.0,,0,0,,0,0,,,-100.0,-100.0
68th Precinct,Hate Crimes,0,0.0,,0,0,,5,4,25.0,0.0,,
68th Precinct,Traffic Fatalities,0,0.0,,1,0,,3,1,200.0,-62.5,,
69th Precinct,Murder,0,0.0,,0,2,-100.0,2,5,-60.0,-33.333333333333,-77.777777777777,-71.428571428571
69th Precinct,Rape,0,0.0,,1,4,-75.0,17,15,13.333333333333,70.0,54.545454545454,-5.555555555555
69th Precinct,Robbery,2,3.0,-33.333333333333,8,11,-27.272727272727,87,75,16.0,45.0,-45.962732919254,-81.290322580645
69th Precinct,Fel. Assault,5,4.0,25.0,25,19,31.578947368421,222,155,43.225806451612,43.225806451612,77.6,15.625
69th Precinct,Burglary,1,3.0,-66.666666666666,4,6,-33.333333333333,37,38,-2.631578947368,2.777777777777,-79.891304347826,-91.991341991342
69th Precinct,Gr. Larceny,8,7.0,14.285714285714,18,33,-45.454545454545,178,215,-17.209302325581,-18.348623853211,7.22891566265,-38.620689655172
69th Precinct,G.L.A.,1,8.0,-87.5,6,21,-71.428571428571,90,99,-9.090909090909,-14.285714285714,11.111111111111,-94.082840236686
69th Precinct,Transit,1,0.0,,1,2,-50.0,4,3,33.333333333333,-42.857142857142,-60.0,
69th Precinct,Housing,0,2.0,-100.0,6,8,-25.0,73,71,2.81690140845,1.388888888888,73.809523809523,
69th Precinct,Petit Larceny,13,12.0,8.333333333333,53,78,-32.051282051282,542,404,34.158415841584,42.257217847769,34.825870646766,
69th Precinct,Retail Theft,3,4.0,-25.0,12,17,-29.411764705882,137,97,41.237113402061,67.073170731707,,
69th Precinct,Misd. Assault,6,4.0,50.0,31,22,40.90909090909,287,239,20.083682008368,14.342629482071,-18.0,
69th Precinct,UCR Rape*,0,0.0,,1,4,-75.0,19,17,11.764705882352,72.727272727272,,
69th Precinct,Other Sex Crimes,1,2.0,-50.0,5,3,66.666666666666,27,22,22.727272727272,12.5,,
69th Precinct,Shooting Vic.,1,0.0,,2,0,,12,8,50.0,-7.692307692307,-47.826086956521,-50.0
69th Precinct,Shooting Inc.,1,0.0,,2,0,,8,7,14.285714285714,-33.333333333333,-60.0,-55.555555555555
69th Precinct,Hate Crimes,0,0.0,,0,0,,1,0,,-50.0,,
69th Precinct,Traffic Fatalities,0,0.0,,0,0,,0,1,-100.0,-100.0,,
70th Precinct,Murder,0,1.0,-100.0,0,2,-100.0,0,2,-100.0,-100.0,-100.0,-100.0
70th Precinct,Rape,0,0.0,,3,1,200.0,15,21,-28.571428571428,7.142857142857,-21.052631578947,-83.695652173913
70th Precinct,Robbery,6,3.0,100.0,15,15,0.0,92,140,-34.285714285714,-33.812949640287,-65.925925925925,-94.037589112119
70th Precinct,Fel. Assault,5,7.0,-28.571428571428,15,36,-58.333333333333,216,345,-37.391304347826,-13.944223107569,-20.87912087912,-66.511627906976
70th Precinct,Burglary,3,1.0,200.0,6,9,-33.333333333333,67,99,-32.323232323232,-22.988505747126,-68.691588785046,-96.753875968992
70th Precinct,Gr. Larceny,6,12.0,-50.0,31,37,-16.216216216216,315,346,-8.959537572254,-16.88654353562,-31.818181818181,-59.66709346991
70th Precinct,G.L.A.,2,5.0,-60.0,9,11,-18.181818181818,76,101,-24.752475247524,-32.743362831858,-46.099290780141,-95.770728992765
70th Precinct,Transit,0,0.0,,1,2,-50.0,14,9,55.555555555555,0.0,-33.333333333333,
70th Precinct,Housing,0,0.0,,0,0,,0,0,,,,
70th Precinct,Petit Larceny,28,36.0,-22.222222222222,106,135,-21.481481481481,1001,1090,-8.165137614678,-19.533762057877,6.716417910447,
70th Precinct,Retail Theft,11,21.0,-47.619047619047,40,63,-36.507936507936,334,542,-38.376383763837,-55.644090305444,,
70th Precinct,Misd. Assault,15,9.0,66.666666666666,62,33,87.878787878787,515,464,10.991379310344,7.291666666666,-7.207207207207,
70th Precinct,UCR Rape*,0,0.0,,3,1,200.0,17,24,-29.166666666666,-19.047619047619,,
70th Precinct,Other Sex Crimes,4,2.0,100.0,6,3,100.0,43,34,26.470588235294,-21.818181818181,,
70th Precinct,Shooting Vic.,0,1.0,-100.0,2,2,0.0,5,7,-28.571428571428,-44.444444444444,-82.758620689655,-95.412844036697
70th Precinct,Shooting Inc.,0,1.0,-100.0,2,2,0.0,4,7,-42.857142857142,-50.0,-83.333333333333,-95.454545454545
70th Precinct,Hate Crimes,0,0.0,,0,0,,5,13,-61.538461538461,-54.545454545454,,
70th Precinct,Traffic Fatalities,0,0.0,,0,0,,2,0,,0.0,,
71st Precinct,Murder,0,0.0,,0,0,,4,4,0.0,0.0,-20.0,-85.185185185185
71st Precinct,Rape,1,0.0,,3,4,-25.0,18,14,28.571428571428,12.5,100.0,-69.491525423728
71st Precinct,Robbery,2,4.0,-50.0,9,15,-40.0,77,92,-16.304347826087,30.508474576271,-60.103626943005,-93.641618497109
71st Precinct,Fel. Assault,4,14.0,-71.428571428571,42,48,-12.5,264,303,-12.871287128712,31.343283582089,20.547945205479,-62.231759656652
71st Precinct,Burglary,0,5.0,-100.0,4,13,-69.230769230769,56,59,-5.084745762711,3.703703703703,-75.221238938053,-95.885378398236
71st Precinct,Gr. Larceny,11,7.0,57.142857142857,36,41,-12.195121951219,283,262,8.015267175572,56.353591160221,-6.291390728476,-42.712550607287
71st Precinct,G.L.A.,3,2.0,50.0,6,5,20.0,60,79,-24.050632911392,9.090909090909,-47.368421052631,-93.839835728952
71st Precinct,Transit,0,3.0,-100.0,1,3,-66.666666666666,11,7,57.142857142857,37.5,-68.571428571428,
71st Precinct,Housing,0,0.0,,0,0,,3,2,50.0,200.0,-25.0,
71st Precinct,Petit Larceny,19,19.0,0.0,82,72,13.888888888888,643,705,-8.794326241134,3.044871794871,-10.694444444444,
71st Precinct,Retail Theft,4,5.0,-20.0,13,11,18.181818181818,93,162,-42.592592592592,-16.216216216216,,
71st Precinct,Misd. Assault,7,11.0,-36.363636363636,43,44,-2.272727272727,398,348,14.367816091954,2.051282051282,-32.197614991482,
71st Precinct,UCR Rape*,1,0.0,,3,4,-25.0,24,14,71.428571428571,14.285714285714,,
71st Precinct,Other Sex Crimes,2,0.0,,8,3,166.666666666667,56,42,33.333333333333,9.803921568627,,
71st Precinct,Shooting Vic.,0,0.0,,2,6,-66.666666666666,12,23,-47.826086956521,9.090909090909,-58.620689655172,-85.185185185185
71st Precinct,Shooting Inc.,0,0.0,,1,3,-66.666666666666,10,7,42.857142857142,11.111111111111,-54.545454545454,-87.5
71st Precinct,Hate Crimes,0,0.0,,1,1,0.0,8,15,-46.666666666666,-61.904761904761,,
71st Precinct,Traffic Fatalities,0,1.0,-100.0,0,1,-100.0,0,2,-100.0,,,
72nd Precinct,Murder,0,0.0,,0,0,,1,1,0.0,-66.666666666666,-83.333333333333,-92.307692307692
72nd Precinct,Rape,1,1.0,0.0,3,2,50.0,22,18,22.222222222222,22.222222222222,46.666666666666,-4.347826086956
72nd Precinct,Robbery,2,5.0,-60.0,5,9,-44.444444444444,76,71,7.042253521126,-45.714285714285,-50.64935064935,-89.715832205683
72nd Precinct,Fel. Assault,6,6.0,0.0,18,34,-47.058823529411,198,224,-11.607142857142,-16.101694915254,41.428571428571,-50.251256281407
72nd Precinct,Burglary,2,4.0,-50.0,4,13,-69.230769230769,70,76,-7.894736842105,-43.089430894308,-62.566844919786,-91.271820448877
72nd Precinct,Gr. Larceny,5,3.0,66.666666666666,33,24,37.5,243,246,-1.219512195121,-32.686980609418,-10.332103321033,-26.139817629179
72nd Precinct,G.L.A.,4,0.0,,10,8,25.0,78,72,8.333333333333,-32.758620689655,-6.024096385542,-89.211618257261
72nd Precinct,Transit,1,2.0,-50.0,3,6,-50.0,32,28,14.285714285714,100.0,52.380952380952,
72nd Precinct,Housing,0,0.0,,0,0,,0,0,,,,
72nd Precinct,Petit Larceny,20,6.0,233.333333333333,52,31,67.741935483871,563,515,9.320388349514,-18.287373004354,2.737226277372,
72nd Precinct,Retail Theft,3,1.0,200.0,11,8,37.5,134,158,-15.189873417721,-51.971326164874,,
72nd Precinct,Misd. Assault,10,9.0,11.111111111111,37,52,-28.846153846153,434,371,16.981132075471,10.714285714285,-8.631578947368,
72nd Precinct,UCR Rape*,1,3.0,-66.666666666666,3,4,-25.0,27,25,8.0,12.5,,
72nd Precinct,Other Sex Crimes,0,1.0,-100.0,2,2,0.0,42,39,7.692307692307,0.0,,
72nd Precinct,Shooting Vic.,0,0.0,,0,0,,8,3,166.666666666667,300.0,14.285714285714,-60.0
72nd Precinct,Shooting Inc.,0,0.0,,0,0,,5,3,66.666666666666,150.0,-16.666666666666,-73.684210526315
72nd Precinct,Hate Crimes,0,0.0,,0,0,,4,8,-50.0,-33.333333333333,,
72nd Precinct,Traffic Fatalities,0,0.0,,1,0,,2,2,0.0,-50.0,,
73rd Precinct,Murder,0,0.0,,3,0,,9,3,200.0,-43.75,-52.631578947368,-83.333333333333
73rd Precinct,Rape,3,0.0,,4,5,-20.0,29,27,7.407407407407,3.571428571428,45.0,-53.968253968254
73rd Precinct,Robbery,5,7.0,-28.571428571428,17,25,-32.0,172,224,-23.214285714285,-4.444444444444,-46.25,-89.486552567237
73rd Precinct,Fel. Assault,15,20.0,-25.0,59,62,-4.838709677419,561,614,-8.631921824104,13.562753036437,23.568281938326,-34.0
73rd Precinct,Burglary,2,3.0,-33.333333333333,10,20,-50.0,109,150,-27.333333333333,2.830188679245,-48.341232227488,-81.206896551724
73rd Precinct,Gr. Larceny,10,16.0,-37.5,36,44,-18.181818181818,301,350,-14.0,10.661764705882,-5.047318611987,-56.376811594202
73rd Precinct,G.L.A.,3,2.0,50.0,12,13,-7.692307692307,86,110,-21.818181818181,-23.214285714285,-23.893805309734,-81.140350877193
73rd Precinct,Transit,2,2.0,0.0,6,4,50.0,21,38,-44.736842105263,-58.823529411764,-46.153846153846,
73rd Precinct,Housing,7,10.0,-30.0,25,35,-28.571428571428,200,246,-18.699186991869,-24.242424242424,11.731843575419,
73rd Precinct,Petit Larceny,37,23.0,60.869565217391,139,75,85.333333333333,1137,914,24.398249452954,37.985436893203,61.048158640226,
73rd Precinct,Retail Theft,17,3.0,466.666666666667,61,14,335.714285714286,404,237,70.464135021097,94.230769230769,,
73rd Precinct,Misd. Assault,28,26.0,7.692307692307,106,87,21.83908045977,825,742,11.185983827493,29.513343799058,-15.471311475409,
73rd Precinct,UCR Rape*,3,0.0,,4,6,-33.333333333333,33,35,-5.714285714285,-10.81081081081,,
73rd Precinct,Other Sex Crimes,3,1.0,200.0,8,4,100.0,90,74,21.621621621621,80.0,,
73rd Precinct,Shooting Vic.,0,0.0,,5,1,400.0,27,28,-3.571428571428,-44.897959183673,-67.857142857142,-88.888888888888
73rd Precinct,Shooting Inc.,0,0.0,,4,1,300.0,21,23,-8.695652173913,-47.5,-68.65671641791,-90.666666666666
73rd Precinct,Hate Crimes,0,0.0,,0,0,,1,1,0.0,,,
73rd Precinct,Traffic Fatalities,0,0.0,,0,0,,2,2,0.0,100.0,,
75th Precinct,Murder,0,0.0,,0,2,-100.0,11,12,-8.333333333333,57.142857142857,-54.166666666666,-87.912087912087
75th Precinct,Rape,1,2.0,-50.0,2,11,-81.818181818181,52,66,-21.212121212121,-17.460317460317,15.555555555555,-40.90909090909
75th Precinct,Robbery,7,5.0,40.0,34,37,-8.108108108108,295,364,-18.956043956044,-37.5,-44.022770398482,-86.032196969697
75th Precinct,Fel. Assault,15,20.0,-25.0,60,85,-29.411764705882,761,768,-0.911458333333,-5.93325092707,37.862318840579,-32.174688057041
75th Precinct,Burglary,7,4.0,75.0,14,21,-33.333333333333,131,171,-23.391812865497,-36.097560975609,-61.011904761904,-90.128108515448
75th Precinct,Gr. Larceny,22,18.0,22.222222222222,77,74,4.054054054054,632,686,-7.871720116618,-6.921944035346,26.907630522088,-9.064748201438
75th Precinct,G.L.A.,11,13.0,-15.384615384615,34,32,6.25,295,318,-7.232704402515,-35.729847494553,32.882882882882,-84.408033826638
75th Precinct,Transit,0,0.0,,1,2,-50.0,26,31,-16.129032258064,18.181818181818,-44.680851063829,
75th Precinct,Housing,5,6.0,-16.666666666666,18,20,-10.0,179,216,-17.129629629629,-14.354066985645,11.875,
75th Precinct,Petit Larceny,61,47.0,29.787234042553,187,202,-7.425742574257,1821,1934,-5.842812823164,7.05467372134,70.665417057169,
75th Precinct,Retail Theft,14,11.0,27.272727272727,57,56,1.785714285714,568,698,-18.62464183381,-15.47619047619,,
75th Precinct,Misd. Assault,39,43.0,-9.302325581395,148,131,12.977099236641,1173,1082,8.410351201478,3.621908127208,-15.550755939524,
75th Precinct,UCR Rape*,1,2.0,-50.0,3,12,-75.0,71,78,-8.974358974358,-14.457831325301,,
75th Precinct,Other Sex Crimes,2,6.0,-66.666666666666,9,12,-25.0,104,94,10.63829787234,0.970873786407,,
75th Precinct,Shooting Vic.,0,0.0,,1,2,-50.0,33,37,-10.81081081081,-8.333333333333,-60.240963855421,-87.54716981132
75th Precinct,Shooting Inc.,0,0.0,,1,1,0.0,29,29,0.0,-17.142857142857,-57.35294117647,-87.81512605042
75th Precinct,Hate Crimes,2,0.0,,2,0,,4,1,300.0,-20.0,,
75th Precinct,Traffic Fatalities,0,0.0,,0,1,-100.0,7,6,16.666666666666,133.333333333333,,
76th Precinct,Murder,0,0.0,,0,0,,0,1,-100.0,,-100.0,-100.0
76th Precinct,Rape,2,0.0,,3,0,,4,2,100.0,0.0,300.0,-55.555555555555
76th Precinct,Robbery,3,1.0,200.0,4,6,-33.333333333333,34,40,-15.0,-30.612244897959,-50.0,-86.290322580645
76th Precinct,Fel. Assault,6,4.0,50.0,11,12,-8.333333333333,82,74,10.81081081081,-10.869565217391,10.81081081081,-64.035087719298
76th Precinct,Burglary,2,3.0,-33.333333333333,10,15,-33.333333333333,66,77,-14.285714285714,-2.941176470588,-15.384615384615,-78.571428571428
76th Precinct,Gr. Larceny,8,6.0,33.333333333333,19,24,-20.833333333333,145,151,-3.973509933774,-5.844155844155,-11.585365853658,-11.042944785276
76th Precinct,G.L.A.,0,0.0,,2,4,-50.0,26,31,-16.129032258064,-38.095238095238,-44.680851063829,-91.065292096219
76th Precinct,Transit,0,0.0,,1,1,0.0,6,5,20.0,200.0,-45.454545454545,
76th Precinct,Housing,6,3.0,100.0,12,10,20.0,74,75,-1.333333333333,-7.5,17.460317460317,
76th Precinct,Petit Larceny,10,11.0,-9.090909090909,30,40,-25.0,296,346,-14.450867052023,-21.27659574468,-9.20245398773,
76th Precinct,Retail Theft,4,2.0,100.0,8,6,33.333333333333,100,131,-23.664122137404,-47.368421052631,,
76th Precinct,Misd. Assault,7,6.0,16.666666666666,28,15,86.666666666666,152,137,10.948905109489,36.936936936936,-23.618090452261,
76th Precinct,UCR Rape*,2,0.0,,3,0,,7,2,250.0,0.0,,
76th Precinct,Other Sex Crimes,1,0.0,,1,0,,20,11,81.818181818181,66.666666666666,,
76th Precinct,Shooting Vic.,0,0.0,,0,0,,0,3,-100.0,-100.0,-100.0,-100.0
76th Precinct,Shooting Inc.,0,0.0,,0,0,,0,2,-100.0,-100.0,-100.0,-100.0
76th Precinct,Hate Crimes,0,0.0,,1,0,,3,3,0.0,50.0,,
76th Precinct,Traffic Fatalities,0,0.0,,0,1,-100.0,0,1,-100.0,-100.0,,
77th Precinct,Murder,0,0.0,,0,0,,1,4,-75.0,-90.0,-92.307692307692,-98.387096774193
77th Precinct,Rape,1,0.0,,4,1,300.0,19,19,0.0,0.0,35.714285714285,-67.241379310344
77th Precinct,Robbery,1,4.0,-75.0,14,15,-6.666666666666,111,133,-16.541353383458,-17.164179104477,-34.319526627218,-92.996845425867
77th Precinct,Fel. Assault,7,10.0,-30.0,40,47,-14.893617021276,320,346,-7.514450867052,15.942028985507,38.528138528138,-65.480043149946
77th Precinct,Burglary,3,2.0,50.0,8,9,-11.111111111111,89,109,-18.348623853211,-19.819819819819,-59.72850678733,-92.626346313173
77th Precinct,Gr. Larceny,8,9.0,-11.111111111111,24,50,-52.0,257,315,-18.412698412698,-0.387596899224,21.226415094339,-39.529411764705
77th Precinct,G.L.A.,0,4.0,-100.0,9,13,-30.76923076923,86,85,1.176470588235,17.808219178082,-7.52688172043,-84.306569343065
77th Precinct,Transit,1,0.0,,3,1,200.0,10,18,-44.444444444444,-33.333333333333,-60.0,
77th Precinct,Housing,0,3.0,-100.0,5,11,-54.545454545454,83,88,-5.681818181818,0.0,53.703703703703,
77th Precinct,Petit Larceny,24,16.0,50.0,71,80,-11.25,620,620,0.0,21.09375,6.346483704974,
77th Precinct,Retail Theft,3,1.0,200.0,12,5,140.0,99,63,57.142857142857,11.235955056179,,
77th Precinct,Misd. Assault,11,9.0,22.222222222222,38,27,40.74074074074,363,317,14.511041009463,-1.08991825613,-39.195979899497,
77th Precinct,UCR Rape*,1,0.0,,5,1,400.0,26,22,18.181818181818,-21.212121212121,,
77th Precinct,Other Sex Crimes,4,3.0,33.333333333333,9,10,-10.0,73,59,23.728813559322,58.695652173913,,
77th Precinct,Shooting Vic.,0,0.0,,1,4,-75.0,10,15,-33.333333333333,-66.666666666666,-82.456140350877,-95.073891625615
77th Precinct,Shooting Inc.,0,0.0,,1,4,-75.0,9,12,-25.0,-57.142857142857,-79.06976744186,-95.081967213114
77th Precinct,Hate Crimes,0,0.0,,0,0,,4,3,33.333333333333,33.333333333333,,
77th Precinct,Traffic Fatalities,0,0.0,,0,0,,2,1,100.0,-33.333333333333,,
78th Precinct,Murder,0,0.0,,0,0,,1,2,-50.0,-50.0,0.0,-75.0
78th Precinct,Rape,1,0.0,,3,0,,7,9,-22.222222222222,75.0,75.0,-69.565217391304
78th Precinct,Robbery,1,0.0,,4,6,-33.333333333333,46,51,-9.803921568627,-31.343283582089,-55.76923076923,-91.756272401433
78th Precinct,Fel. Assault,1,7.0,-85.714285714285,17,15,13.333333333333,146,113,29.203539823008,20.661157024793,305.555555555556,-23.157894736842
78th Precinct,Burglary,1,0.0,,12,10,20.0,81,87,-6.896551724137,-24.29906542056,-38.167938931297,-85.612788632326
78th Precinct,Gr. Larceny,7,9.0,-22.222222222222,23,26,-11.538461538461,250,284,-11.971830985915,-22.839506172839,-14.965986394557,-29.577464788732
78th Precinct,G.L.A.,0,1.0,-100.0,11,5,120.0,64,47,36.170212765957,-18.987341772151,-4.477611940298,-91.601049868766
78th Precinct,Transit,1,3.0,-66.666666666666,5,4,25.0,25,27,-7.407407407407,25.0,0.0,
78th Precinct,Housing,0,1.0,-100.0,2,3,-33.333333333333,9,10,-10.0,-43.75,-25.0,
78th Precinct,Petit Larceny,26,16.0,62.5,93,79,17.721518987341,835,914,-8.643326039387,-2.567094515752,24.813153961136,
78th Precinct,Retail Theft,21,5.0,320.0,69,36,91.666666666666,545,570,-4.38596491228,0.739371534195,,
78th Precinct,Misd. Assault,2,4.0,-50.0,23,18,27.777777777777,194,176,10.227272727272,5.434782608695,39.568345323741,
78th Precinct,UCR Rape*,1,0.0,,3,0,,8,12,-33.333333333333,-20.0,,
78th Precinct,Other Sex Crimes,1,3.0,-66.666666666666,5,6,-16.666666666666,45,42,7.142857142857,-31.818181818181,,
78th Precinct,Shooting Vic.,0,0.0,,0,0,,3,2,50.0,-25.0,200.0,-66.666666666666
78th Precinct,Shooting Inc.,0,0.0,,0,0,,3,2,50.0,-25.0,200.0,-66.666666666666
78th Precinct,Hate Crimes,0,0.0,,0,1,-100.0,5,6,-16.666666666666,150.0,,
78th Precinct,Traffic Fatalities,0,1.0,-100.0,0,1,-100.0,0,1,-100.0,,,
79th Precinct,Murder,0,0.0,,0,1,-100.0,3,8,-62.5,-50.0,-70.0,-93.181818181818
79th Precinct,Rape,2,0.0,,3,2,50.0,21,16,31.25,50.0,5.0,-61.818181818181
79th Precinct,Robbery,0,4.0,-100.0,8,17,-52.941176470588,126,147,-14.285714285714,-9.352517985611,-57.142857142857,-91.369863013698
79th Precinct,Fel. Assault,12,13.0,-7.692307692307,46,50,-8.0,318,355,-10.422535211267,-0.934579439252,-0.313479623824,-61.824729891956
79th Precinct,Burglary,7,5.0,40.0,12,14,-14.285714285714,102,114,-10.526315789473,-29.655172413793,-68.125,-88.754134509371
79th Precinct,Gr. Larceny,5,17.0,-70.588235294117,30,51,-41.176470588235,307,326,-5.828220858895,9.642857142857,1.655629139072,-51.424050632911
79th Precinct,G.L.A.,2,1.0,100.0,13,10,30.0,84,84,0.0,6.32911392405,0.0,-78.571428571428
79th Precinct,Transit,3,1.0,200.0,4,1,300.0,18,18,0.0,50.0,-28.0,
79th Precinct,Housing,2,4.0,-50.0,17,25,-32.0,158,171,-7.602339181286,-3.067484662576,1.935483870967,
79th Precinct,Petit Larceny,28,43.0,-34.883720930232,149,141,5.673758865248,1029,1080,-4.722222222222,-0.290697674418,45.338983050847,
79th Precinct,Retail Theft,9,15.0,-40.0,67,47,42.553191489361,431,508,-15.15748031496,-6.304347826086,,
79th Precinct,Misd. Assault,14,13.0,7.692307692307,54,46,17.391304347826,483,422,14.454976303317,2.985074626865,-32.162921348314,
79th Precinct,UCR Rape*,2,0.0,,3,2,50.0,25,18,38.888888888888,25.0,,
79th Precinct,Other Sex Crimes,3,2.0,50.0,5,6,-16.666666666666,52,44,18.181818181818,40.54054054054,,
79th Precinct,Shooting Vic.,0,0.0,,0,5,-100.0,9,18,-50.0,-47.058823529411,-79.545454545454,-95.631067961165
79th Precinct,Shooting Inc.,0,0.0,,0,3,-100.0,7,15,-53.333333333333,-53.333333333333,-79.411764705882,-96.111111111111
79th Precinct,Hate Crimes,1,0.0,,1,1,0.0,8,17,-52.941176470588,-33.333333333333,,
79th Precinct,Traffic Fatalities,0,0.0,,0,2,-100.0,0,2,-100.0,-100.0,,
81st Precinct,Murder,0,0.0,,0,0,,3,3,0.0,-25.0,-78.571428571428,-86.363636363636
81st Precinct,Rape,0,0.0,,0,0,,18,10,80.0,125.0,0.0,-70.0
81st Precinct,Robbery,2,2.0,0.0,9,11,-18.181818181818,108,94,14.893617021276,13.684210526315,-55.371900826446,-87.264150943396
81st Precinct,Fel. Assault,4,12.0,-66.666666666666,27,23,17.391304347826,206,184,11.95652173913,-8.444444444444,-16.5991902834,-68.740515933232
81st Precinct,Burglary,0,4.0,-100.0,6,8,-25.0,81,80,1.25,39.655172413793,-50.0,-85.764499121265
81st Precinct,Gr. Larceny,6,12.0,-50.0,18,40,-55.0,193,233,-17.167381974248,-4.926108374384,-15.350877192982,-27.985074626865
81st Precinct,G.L.A.,0,1.0,-100.0,2,3,-33.333333333333,57,62,-8.064516129032,-20.833333333333,-14.925373134328,-87.162162162162
81st Precinct,Transit,0,0.0,,1,0,,13,13,0.0,-23.529411764705,-31.578947368421,
81st Precinct,Housing,1,5.0,-80.0,4,12,-66.666666666666,62,79,-21.518987341772,-8.823529411764,3.333333333333,
81st Precinct,Petit Larceny,14,18.0,-22.222222222222,65,77,-15.584415584415,512,503,1.789264413518,0.392156862745,-9.859154929577,
81st Precinct,Retail Theft,2,3.0,-33.333333333333,7,10,-30.0,63,53,18.867924528301,-32.978723404255,,
81st Precinct,Misd. Assault,6,18.0,-66.666666666666,41,40,2.5,365,303,20.46204620462,19.672131147541,-38.344594594594,
81st Precinct,UCR Rape*,0,0.0,,0,0,,19,14,35.714285714285,58.333333333333,,
81st Precinct,Other Sex Crimes,2,1.0,100.0,4,5,-20.0,28,30,-6.666666666666,0.0,,
81st Precinct,Shooting Vic.,0,0.0,,0,1,-100.0,11,13,-15.384615384615,-31.25,-76.086956521739,-92.307692307692
81st Precinct,Shooting Inc.,0,0.0,,0,1,-100.0,8,11,-27.272727272727,-42.857142857142,-79.487179487179,-93.700787401574
81st Precinct,Hate Crimes,0,0.0,,0,0,,2,2,0.0,,,
81st Precinct,Traffic Fatalities,1,0.0,,1,0,,1,0,,0.0,,
83rd Precinct,Murder,0,1.0,-100.0,0,1,-100.0,2,7,-71.428571428571,100.0,-81.818181818181,-93.939393939393
83rd Precinct,Rape,0,2.0,-100.0,2,3,-33.333333333333,24,25,-4.0,-7.692307692307,4.347826086956,-51.020408163265
83rd Precinct,Robbery,7,3.0,133.333333333333,25,12,108.333333333333,224,163,37.423312883435,-15.78947368421,-25.581395348837,-78.727445394112
83rd Precinct,Fel. Assault,8,7.0,14.285714285714,38,23,65.217391304347,371,273,35.897435897435,14.506172839506,37.918215613382,-39.967637540453
83rd Precinct,Burglary,5,2.0,150.0,12,9,33.333333333333,135,102,32.35294117647,-18.181818181818,-52.631578947368,-85.759493670886
83rd Precinct,Gr. Larceny,15,23.0,-34.782608695652,56,81,-30.864197530864,521,470,10.851063829787,17.87330316742,141.203703703704,30.25
83rd Precinct,G.L.A.,3,1.0,200.0,15,7,114.285714285714,105,132,-20.454545454545,-30.0,-12.5,-84.671532846715
83rd Precinct,Transit,0,1.0,-100.0,3,2,50.0,20,14,42.857142857142,-25.925925925925,17.647058823529,
83rd Precinct,Housing,0,0.0,,2,2,0.0,30,24,25.0,36.363636363636,76.470588235294,
83rd Precinct,Petit Larceny,23,13.0,76.923076923076,82,93,-11.827956989247,771,744,3.629032258064,5.906593406593,45.471698113207,
83rd Precinct,Retail Theft,4,1.0,300.0,17,14,21.428571428571,168,192,-12.5,-16.831683168316,,
83rd Precinct,Misd. Assault,16,23.0,-30.434782608695,64,71,-9.859154929577,520,584,-10.958904109589,2.362204724409,-12.013536379018,
83rd Precinct,UCR Rape*,0,2.0,-100.0,3,5,-40.0,28,30,-6.666666666666,-26.315789473684,,
83rd Precinct,Other Sex Crimes,1,1.0,0.0,5,3,66.666666666666,50,43,16.279069767441,-16.666666666666,,
83rd Precinct,Shooting Vic.,0,0.0,,1,0,,6,14,-57.142857142857,50.0,-82.35294117647,-96.449704142011
83rd Precinct,Shooting Inc.,0,0.0,,1,0,,6,11,-45.454545454545,50.0,-76.923076923076,-96.226415094339
83rd Precinct,Hate Crimes,0,0.0,,0,0,,4,3,33.333333333333,0.0,,
83rd Precinct,Traffic Fatalities,0,0.0,,0,0,,1,1,0.0,-75.0,,
84th Precinct,Murder,0,0.0,,0,0,,0,2,-100.0,-100.0,-100.0,-100.0
84th Precinct,Rape,0,0.0,,2,2,0.0,23,13,76.923076923076,228.571428571429,2200.0,64.285714285714
84th Precinct,Robbery,3,5.0,-40.0,9,16,-43.75,125,168,-25.595238095238,-29.775280898876,-2.34375,-86.515641855447
84th Precinct,Fel. Assault,14,12.0,16.666666666666,29,42,-30.952380952381,242,284,-14.788732394366,-4.724409448818,214.285714285714,-21.428571428571
84th Precinct,Burglary,7,5.0,40.0,16,19,-15.78947368421,111,165,-32.727272727272,-30.625,33.734939759036,-81.313131313131
84th Precinct,Gr. Larceny,17,11.0,54.545454545454,58,55,5.454545454545,464,492,-5.691056910569,-18.021201413427,32.193732193732,-41.488020176544
84th Precinct,G.L.A.,1,2.0,-50.0,7,13,-46.153846153846,44,75,-41.333333333333,-32.307692307692,4.761904761904,-91.682419659735
84th Precinct,Transit,3,1.0,200.0,6,5,20.0,60,47,27.659574468085,57.894736842105,25.0,
84th Precinct,Housing,1,1.0,0.0,3,3,0.0,40,26,53.846153846153,5.263157894736,122.222222222222,
84th Precinct,Petit Larceny,51,41.0,24.390243902439,177,151,17.218543046357,1226,1235,-0.728744939271,-24.60024600246,11.353315168029,
84th Precinct,Retail Theft,37,21.0,76.190476190476,127,98,29.591836734693,922,952,-3.151260504201,-37.236215112321,,
84th Precinct,Misd. Assault,12,11.0,9.090909090909,37,36,2.777777777777,308,317,-2.839116719242,-6.948640483383,22.222222222222,
84th Precinct,UCR Rape*,0,0.0,,2,2,0.0,23,18,27.777777777777,109.090909090909,,
84th Precinct,Other Sex Crimes,1,1.0,0.0,3,6,-50.0,40,58,-31.03448275862,-4.761904761904,,
84th Precinct,Shooting Vic.,0,0.0,,0,0,,1,3,-66.666666666666,-50.0,-85.714285714285,-96.551724137931
84th Precinct,Shooting Inc.,0,0.0,,0,0,,1,3,-66.666666666666,-50.0,-80.0,-95.652173913043
84th Precinct,Hate Crimes,1,0.0,,1,0,,8,8,0.0,-27.272727272727,,
84th Precinct,Traffic Fatalities,0,0.0,,1,1,0.0,2,2,0.0,,,
88th Precinct,Murder,0,0.0,,0,0,,1,2,-50.0,-75.0,-80.0,-95.0
88th Precinct,Rape,0,0.0,,1,1,0.0,10,9,11.111111111111,150.0,66.666666666666,-62.962962962963
88th Precinct,Robbery,0,3.0,-100.0,6,7,-14.285714285714,51,65,-21.538461538461,-26.086956521739,-65.068493150684,-93.59296482412
88th Precinct,Fel. Assault,4,5.0,-20.0,20,16,25.0,156,155,0.645161290322,-8.771929824561,65.95744680851,-56.179775280898
88th Precinct,Burglary,1,0.0,,4,5,-20.0,48,63,-23.809523809523,-50.0,-60.0,-93.6
88th Precinct,Gr. Larceny,6,8.0,-25.0,18,29,-37.931034482758,184,252,-26.984126984127,-8.457711442786,-42.679127725856,-52.207792207792
88th Precinct,G.L.A.,1,1.0,0.0,4,4,0.0,48,67,-28.358208955223,-52.941176470588,-29.411764705882,-90.625
88th Precinct,Transit,0,0.0,,2,2,0.0,19,9,111.111111111111,111.111111111111,-50.0,
88th Precinct,Housing,0,4.0,-100.0,10,11,-9.090909090909,82,90,-8.888888888888,2.5,12.328767123287,
88th Precinct,Petit Larceny,16,13.0,23.076923076923,69,54,27.777777777777,440,489,-10.02044989775,4.265402843601,-44.233206590621,
88th Precinct,Retail Theft,0,3.0,-100.0,16,13,23.076923076923,133,116,14.655172413793,22.018348623853,,
88th Precinct,Misd. Assault,8,7.0,14.285714285714,40,30,33.333333333333,247,279,-11.469534050179,-10.507246376811,15.962441314554,
88th Precinct,UCR Rape*,0,0.0,,1,2,-50.0,12,11,9.090909090909,100.0,,
88th Precinct,Other Sex Crimes,2,1.0,100.0,3,4,-25.0,22,36,-38.888888888888,0.0,,
88th Precinct,Shooting Vic.,0,0.0,,0,2,-100.0,3,9,-66.666666666666,-72.727272727272,-82.35294117647,-96.938775510204
88th Precinct,Shooting Inc.,0,0.0,,0,1,-100.0,3,8,-62.5,-57.142857142857,-80.0,-96.511627906976
88th Precinct,Hate Crimes,0,0.0,,0,0,,3,6,-50.0,50.0,,
88th Precinct,Traffic Fatalities,0,0.0,,0,0,,1,3,-66.666666666666,,,
90th Precinct,Murder,0,0.0,,2,0,,3,3,0.0,0.0,200.0,-83.333333333333
90th Precinct,Rape,0,2.0,-100.0,1,3,-66.666666666666,9,15,-40.0,-35.714285714285,125.0,-70.0
90th Precinct,Robbery,0,6.0,-100.0,22,19,15.78947368421,117,149,-21.476510067114,-13.333333333333,-53.386454183266,-87.47323340471
90th Precinct,Fel. Assault,4,5.0,-20.0,22,36,-38.888888888888,216,226,-4.424778761061,-7.692307692307,47.945205479452,-49.414519906323
90th Precinct,Burglary,4,10.0,-60.0,18,22,-18.181818181818,202,191,5.759162303664,-13.675213675213,-39.520958083832,-79.513184584178
90th Precinct,Gr. Larceny,22,17.0,29.411764705882,60,68,-11.764705882352,512,530,-3.396226415094,-3.578154425612,51.479289940828,34.383202099737
90th Precinct,G.L.A.,1,0.0,,10,4,150.0,100,94,6.382978723404,14.942528735632,-7.407407407407,-84.152139461172
90th Precinct,Transit,0,0.0,,0,2,-100.0,14,22,-36.363636363636,-12.5,-56.25,
90th Precinct,Housing,3,2.0,50.0,10,22,-54.545454545454,108,125,-13.6,-17.557251908396,5.882352941176,
90th Precinct,Petit Larceny,20,21.0,-4.761904761904,89,95,-6.315789473684,843,829,1.688781664656,4.850746268656,-4.421768707482,
90th Precinct,Retail Theft,5,3.0,66.666666666666,24,19,26.315789473684,202,218,-7.339449541284,-18.875502008032,,
90th Precinct,Misd. Assault,16,12.0,33.333333333333,50,44,13.636363636363,359,305,17.704918032786,-4.266666666666,3.757225433526,
90th Precinct,UCR Rape*,1,2.0,-50.0,2,3,-33.333333333333,13,16,-18.75,-23.529411764705,,
90th Precinct,Other Sex Crimes,2,0.0,,4,1,300.0,44,41,7.317073170731,-12.0,,
90th Precinct,Shooting Vic.,0,0.0,,1,1,0.0,9,4,125.0,12.5,-18.181818181818,-85.245901639344
90th Precinct,Shooting Inc.,0,0.0,,1,1,0.0,6,4,50.0,-14.285714285714,-40.0,-89.090909090909
90th Precinct,Hate Crimes,0,1.0,-100.0,0,2,-100.0,13,19,-31.578947368421,-38.095238095238,,
90th Precinct,Traffic Fatalities,0,0.0,,0,0,,2,4,-50.0,-60.0,,
94th Precinct,Murder,0,0.0,,0,0,,0,0,,,,-100.0
94th Precinct,Rape,0,1.0,-100.0,1,3,-66.666666666666,8,6,33.333333333333,14.285714285714,700.0,33.333333333333
94th Precinct,Robbery,4,1.0,300.0,9,5,80.0,57,75,-24.0,-24.0,-38.043478260869,-86.744186046511
94th Precinct,Fel. Assault,4,1.0,300.0,10,5,100.0,94,110,-14.545454545454,2.173913043478,56.666666666666,-50.26455026455
94th Precinct,Burglary,1,4.0,-75.0,12,11,9.090909090909,73,105,-30.47619047619,-31.132075471698,-60.54054054054,-91.350710900473
94th Precinct,Gr. Larceny,13,16.0,-18.75,44,55,-20.0,400,433,-7.621247113163,-14.893617021276,93.236714975845,50.943396226415
94th Precinct,G.L.A.,0,5.0,-100.0,8,9,-11.111111111111,69,93,-25.806451612903,-9.210526315789,-35.514018691588,-89.545454545454
94th Precinct,Transit,0,0.0,,0,0,,12,13,-7.692307692307,0.0,0.0,
94th Precinct,Housing,1,1.0,0.0,1,4,-75.0,15,25,-40.0,-31.818181818181,-28.571428571428,
94th Precinct,Petit Larceny,26,24.0,8.333333333333,99,75,32.0,570,709,-19.605077574048,-19.718309859154,35.391923990498,
94th Precinct,Retail Theft,9,4.0,125.0,40,25,60.0,221,350,-36.857142857142,-49.427917620137,,
94th Precinct,Misd. Assault,9,7.0,28.571428571428,26,21,23.809523809523,204,197,3.553299492385,2.51256281407,27.5,
94th Precinct,UCR Rape*,0,1.0,-100.0,1,3,-66.666666666666,11,9,22.222222222222,37.5,,
94th Precinct,Other Sex Crimes,1,0.0,,2,3,-33.333333333333,35,39,-10.25641025641,29.629629629629,,
94th Precinct,Shooting Vic.,0,0.0,,1,0,,1,3,-66.666666666666,0.0,-85.714285714285,-90.0
94th Precinct,Shooting Inc.,0,0.0,,1,0,,1,3,-66.666666666666,0.0,-83.333333333333,-87.5
94th Precinct,Hate Crimes,0,0.0,,0,0,,2,5,-60.0,-33.333333333333,,
94th Precinct,Traffic Fatalities,0,0.0,,0,0,,0,2,-100.0,-100.0,,
100th Precinct,Murder,0,0.0,,0,0,,1,2,-50.0,0.0,0.0,-75.0
100th Precinct,Rape,0,1.0,-100.0,1,1,0.0,2,6,-66.666666666666,-71.428571428571,-33.333333333333,-81.818181818181
100th Precinct,Robbery,0,0.0,,2,2,0.0,24,32,-25.0,-48.936170212766,-47.826086956521,-87.434554973822
100th Precinct,Fel. Assault,4,5.0,-20.0,17,10,70.0,116,88,31.818181818181,-4.918032786885,75.757575757575,-29.268292682926
100th Precinct,Burglary,0,1.0,-100.0,0,4,-100.0,23,46,-50.0,-41.025641025641,-45.238095238095,-92.698412698412
100th Precinct,Gr. Larceny,3,6.0,-50.0,12,13,-7.692307692307,85,98,-13.265306122449,-31.451612903225,-2.298850574712,-42.567567567567
100th Precinct,G.L.A.,0,0.0,,2,0,,14,18,-22.222222222222,-68.888888888888,-30.0,-94.594594594594
100th Precinct,Transit,0,0.0,,0,1,-100.0,9,4,125.0,-25.0,-40.0,
100th Precinct,Housing,1,1.0,0.0,3,2,50.0,15,17,-11.764705882352,-21.052631578947,-16.666666666666,
100th Precinct,Petit Larceny,9,6.0,50.0,50,28,78.571428571428,337,338,-0.295857988165,-7.417582417582,49.777777777777,
100th Precinct,Retail Theft,6,3.0,100.0,34,14,142.857142857143,146,170,-14.117647058823,-19.337016574585,,
100th Precinct,Misd. Assault,4,3.0,33.333333333333,18,16,12.5,145,168,-13.690476190476,-27.135678391959,-43.798449612403,
100th Precinct,UCR Rape*,0,1.0,-100.0,1,1,0.0,4,7,-42.857142857142,-60.0,,
100th Precinct,Other Sex Crimes,1,0.0,,2,2,0.0,15,16,-6.25,-6.25,,
100th Precinct,Shooting Vic.,0,0.0,,0,0,,3,5,-40.0,-57.142857142857,-25.0,-40.0
100th Precinct,Shooting Inc.,0,0.0,,0,0,,3,5,-40.0,-40.0,-25.0,-25.0
100th Precinct,Hate Crimes,0,0.0,,0,1,-100.0,1,3,-66.666666666666,0.0,,
100th Precinct,Traffic Fatalities,0,0.0,,0,0,,1,0,,-50.0,,
101st Precinct,Murder,0,0.0,,0,0,,5,3,66.666666666666,150.0,0.0,-61.538461538461
101st Precinct,Rape,1,0.0,,2,3,-33.333333333333,14,27,-48.148148148148,-22.222222222222,27.272727272727,-56.25
101st Precinct,Robbery,1,0.0,,8,7,14.285714285714,81,70,15.714285714285,-18.181818181818,-5.813953488372,-82.947368421052
101st Precinct,Fel. Assault,8,10.0,-20.0,42,32,31.25,287,290,-1.03448275862,10.81081081081,160.909090909091,-24.274406332453
101st Precinct,Burglary,1,3.0,-66.666666666666,6,8,-25.0,51,52,-1.923076923076,0.0,-49.504950495049,-91.385135135135
101st Precinct,Gr. Larceny,4,5.0,-20.0,18,17,5.882352941176,130,127,2.362204724409,6.55737704918,85.714285714285,-43.722943722943
101st Precinct,G.L.A.,0,0.0,,2,3,-33.333333333333,26,27,-3.703703703703,-51.851851851851,-59.375,-92.238805970149
101st Precinct,Transit,0,0.0,,2,1,100.0,10,7,42.857142857142,11.111111111111,42.857142857142,
101st Precinct,Housing,3,0.0,,8,7,14.285714285714,59,58,1.724137931034,-6.349206349206,126.923076923077,
101st Precinct,Petit Larceny,22,16.0,37.5,84,72,16.666666666666,745,602,23.75415282392,57.17299578059,174.907749077491,
101st Precinct,Retail Theft,6,3.0,100.0,17,11,54.545454545454,132,102,29.411764705882,266.666666666667,,
101st Precinct,Misd. Assault,4,3.0,33.333333333333,32,39,-17.948717948717,332,344,-3.488372093023,7.096774193548,11.784511784511,
101st Precinct,UCR Rape*,2,0.0,,5,3,66.666666666666,24,32,-25.0,-14.285714285714,,
101st Precinct,Other Sex Crimes,1,1.0,0.0,8,2,300.0,31,29,6.896551724137,-3.125,,
101st Precinct,Shooting Vic.,0,0.0,,2,0,,6,12,-50.0,-53.846153846153,-66.666666666666,-82.857142857142
101st Precinct,Shooting Inc.,0,0.0,,2,0,,5,10,-50.0,-54.545454545454,-70.588235294117,-84.848484848484
101st Precinct,Hate Crimes,0,0.0,,1,2,-50.0,2,3,-33.333333333333,-60.0,,
101st Precinct,Traffic Fatalities,0,0.0,,0,0,,2,0,,,,
102nd Precinct,Murder,0,0.0,,0,0,,3,3,0.0,0.0,-25.0,-25.0
102nd Precinct,Rape,0,0.0,,0,1,-100.0,23,13,76.923076923076,35.294117647058,109.090909090909,0.0
102nd Precinct,Robbery,6,4.0,50.0,17,17,0.0,119,105,13.333333333333,-4.032258064516,-39.593908629441,-85.782556750298
102nd Precinct,Fel. Assault,2,11.0,-81.818181818181,22,26,-15.384615384615,233,230,1.304347826086,-6.048387096774,39.520958083832,-10.03861003861
102nd Precinct,Burglary,1,0.0,,7,10,-30.0,92,78,17.948717948717,31.428571428571,-60.851063829787,-91.067961165048
102nd Precinct,Gr. Larceny,8,8.0,0.0,25,34,-26.470588235294,242,240,0.833333333333,-6.923076923076,0.833333333333,-40.09900990099
102nd Precinct,G.L.A.,3,12.0,-75.0,22,29,-24.137931034482,231,241,-4.149377593361,12.135922330097,16.08040201005,-90.715434083601
102nd Precinct,Transit,0,0.0,,0,3,-100.0,6,13,-53.846153846153,-14.285714285714,-50.0,
102nd Precinct,Housing,0,0.0,,0,0,,0,0,,,,
102nd Precinct,Petit Larceny,21,32.0,-34.375,92,125,-26.4,750,924,-18.831168831168,-25.0,32.275132275132,
102nd Precinct,Retail Theft,9,23.0,-60.869565217391,29,77,-62.337662337662,292,456,-35.964912280701,-38.912133891213,,
102nd Precinct,Misd. Assault,6,12.0,-50.0,36,45,-20.0,390,395,-1.26582278481,-14.473684210526,-15.217391304347,
102nd Precinct,UCR Rape*,0,0.0,,0,3,-100.0,26,24,8.333333333333,-16.129032258064,,
102nd Precinct,Other Sex Crimes,1,2.0,-50.0,4,3,33.333333333333,50,52,-3.846153846153,47.058823529411,,
102nd Precinct,Shooting Vic.,0,0.0,,0,0,,3,2,50.0,-75.0,-57.142857142857,-86.95652173913
102nd Precinct,Shooting Inc.,0,0.0,,0,0,,3,2,50.0,-62.5,-57.142857142857,-84.210526315789
102nd Precinct,Hate Crimes,0,0.0,,1,0,,6,4,50.0,20.0,,
102nd Precinct,Traffic Fatalities,0,0.0,,0,1,-100.0,2,4,-50.0,-50.0,,
103rd Precinct,Murder,0,0.0,,0,0,,2,4,-50.0,-60.0,-77.777777777777,-90.47619047619
103rd Precinct,Rape,0,0.0,,1,5,-80.0,32,40,-20.0,10.344827586206,128.571428571429,-36.0
103rd Precinct,Robbery,8,13.0,-38.461538461538,31,34,-8.823529411764,248,266,-6.766917293233,-20.0,-24.159021406727,-78.893617021276
103rd Precinct,Fel. Assault,13,14.0,-7.142857142857,54,50,8.0,577,538,7.24907063197,1.228070175438,130.8,-8.12101910828
103rd Precinct,Burglary,6,11.0,-45.454545454545,29,22,31.818181818181,181,168,7.738095238095,7.738095238095,7.100591715976,-78.554502369668
103rd Precinct,Gr. Larceny,14,16.0,-12.5,58,52,11.538461538461,470,413,13.801452784503,7.061503416856,67.857142857142,-45.914844649021
103rd Precinct,G.L.A.,3,2.0,50.0,14,26,-46.153846153846,145,155,-6.451612903225,1.398601398601,16.0,-86.865942028985
103rd Precinct,Transit,0,0.0,,2,3,-33.333333333333,30,24,25.0,20.0,76.470588235294,
103rd Precinct,Housing,0,2.0,-100.0,1,4,-75.0,31,41,-24.390243902439,-11.428571428571,3.333333333333,
103rd Precinct,Petit Larceny,63,40.0,57.5,225,156,44.230769230769,1663,1406,18.27880512091,12.898845892735,97.50593824228,
103rd Precinct,Retail Theft,38,24.0,58.333333333333,139,93,49.462365591397,969,795,21.88679245283,5.44069640914,,
103rd Precinct,Misd. Assault,19,24.0,-20.833333333333,67,90,-25.555555555555,736,707,4.101838755304,-5.761843790012,25.811965811965,
103rd Precinct,UCR Rape*,0,0.0,,1,8,-87.5,43,45,-4.444444444444,4.878048780487,,
103rd Precinct,Other Sex Crimes,1,2.0,-50.0,9,8,12.5,74,84,-11.904761904761,-22.105263157894,,
103rd Precinct,Shooting Vic.,0,0.0,,1,0,,12,15,-20.0,-25.0,-55.555555555555,-89.090909090909
103rd Precinct,Shooting Inc.,0,0.0,,1,0,,10,6,66.666666666666,-23.076923076923,-44.444444444444,-90.09900990099
103rd Precinct,Hate Crimes,0,0.0,,0,0,,3,4,-25.0,50.0,,
103rd Precinct,Traffic Fatalities,0,0.0,,0,0,,2,2,0.0,100.0,,
104th Precinct,Murder,0,0.0,,0,0,,0,5,-100.0,-100.0,-100.0,-100.0
104th Precinct,Rape,0,0.0,,1,1,0.0,16,23,-30.434782608695,-23.809523809523,6.666666666666,-15.78947368421
104th Precinct,Robbery,4,5.0,-20.0,21,18,16.666666666666,149,107,39.252336448598,-4.487179487179,-21.578947368421,-78.152492668621
104th Precinct,Fel. Assault,12,2.0,500.0,29,13,123.076923076923,239,216,10.648148148148,10.138248847926,43.975903614457,6.222222222222
104th Precinct,Burglary,2,4.0,-50.0,8,16,-50.0,113,125,-9.6,-29.813664596273,-65.548780487804,-92.302452316076
104th Precinct,Gr. Larceny,11,18.0,-38.888888888888,48,74,-35.135135135135,498,497,0.20120724346,3.534303534303,64.356435643564,7.096774193548
104th Precinct,G.L.A.,10,5.0,100.0,26,36,-27.777777777777,272,269,1.115241635687,-18.072289156626,-2.158273381294,-89.440993788819
104th Precinct,Transit,0,0.0,,2,1,100.0,14,12,16.666666666666,0.0,7.692307692307,
104th Precinct,Housing,0,0.0,,0,0,,0,0,,,,
104th Precinct,Petit Larceny,19,36.0,-47.222222222222,98,122,-19.672131147541,862,917,-5.997818974918,-17.511961722488,11.513583441138,
104th Precinct,Retail Theft,8,15.0,-46.666666666666,35,41,-14.634146341463,280,347,-19.308357348703,-31.70731707317,,
104th Precinct,Misd. Assault,8,12.0,-33.333333333333,30,47,-36.170212765957,411,403,1.985111662531,-7.847533632287,-22.306238185255,
104th Precinct,UCR Rape*,0,1.0,-100.0,1,3,-66.666666666666,19,27,-29.629629629629,-29.629629629629,,
104th Precinct,Other Sex Crimes,0,1.0,-100.0,4,2,100.0,36,37,-2.702702702702,28.571428571428,,
104th Precinct,Shooting Vic.,0,0.0,,0,0,,6,5,20.0,200.0,500.0,-73.91304347826
104th Precinct,Shooting Inc.,0,0.0,,0,0,,6,4,50.0,200.0,500.0,-70.0
104th Precinct,Hate Crimes,0,0.0,,0,0,,2,6,-66.666666666666,-75.0,,
104th Precinct,Traffic Fatalities,0,0.0,,0,0,,2,2,0.0,0.0,,
105th Precinct,Murder,0,0.0,,0,2,-100.0,0,3,-100.0,,-100.0,-100.0
105th Precinct,Rape,0,2.0,-100.0,1,3,-66.666666666666,14,14,0.0,-6.666666666666,0.0,-57.575757575757
105th Precinct,Robbery,3,0.0,,3,4,-25.0,33,58,-43.103448275862,-23.255813953488,-85.897435897435,-95.534506089309
105th Precinct,Fel. Assault,5,3.0,66.666666666666,29,23,26.086956521739,192,164,17.073170731707,3.225806451612,-9.004739336492,-36.0
105th Precinct,Burglary,2,2.0,0.0,7,10,-30.0,57,101,-43.564356435643,-29.629629629629,-77.821011673151,-95.047784535186
105th Precinct,Gr. Larceny,14,12.0,16.666666666666,28,35,-20.0,274,289,-5.190311418685,7.03125,-12.738853503184,-37.442922374429
105th Precinct,G.L.A.,5,1.0,400.0,13,7,85.714285714285,121,134,-9.701492537313,-37.628865979381,-56.0,-95.043015157722
105th Precinct,Transit,0,0.0,,0,0,,0,0,,,,
105th Precinct,Housing,0,0.0,,0,0,,0,0,,,,
105th Precinct,Petit Larceny,16,19.0,-15.78947368421,66,54,22.222222222222,523,487,7.392197125256,6.517311608961,-14.262295081967,
105th Precinct,Retail Theft,3,3.0,0.0,14,13,7.692307692307,180,109,65.137614678899,48.760330578512,,
105th Precinct,Misd. Assault,5,12.0,-58.333333333333,38,26,46.153846153846,283,293,-3.412969283276,-9.294871794871,-38.611713665943,
105th Precinct,UCR Rape*,0,2.0,-100.0,2,4,-50.0,20,15,33.333333333333,-9.090909090909,,
105th Precinct,Other Sex Crimes,0,0.0,,1,1,0.0,30,24,25.0,3.448275862068,,
105th Precinct,Shooting Vic.,0,0.0,,0,0,,0,0,,-100.0,-100.0,-100.0
105th Precinct,Shooting Inc.,0,0.0,,0,0,,0,0,,-100.0,-100.0,-100.0
105th Precinct,Hate Crimes,0,1.0,-100.0,0,1,-100.0,2,4,-50.0,0.0,,
105th Precinct,Traffic Fatalities,0,0.0,,0,0,,0,3,-100.0,-100.0,,
106th Precinct,Murder,0,1.0,-100.0,0,1,-100.0,2,3,-33.333333333333,-33.333333333333,-50.0,-87.5
106th Precinct,Rape,1,0.0,,2,0,,17,10,70.0,54.545454545454,13.333333333333,-34.615384615384
106th Precinct,Robbery,3,0.0,,11,15,-26.666666666666,134,135,-0.74074074074,-11.842105263157,-26.775956284153,-77.99671592775
106th Precinct,Fel. Assault,10,6.0,66.666666666666,27,22,22.727272727272,305,257,18.677042801556,6.271777003484,201.980198019802,1.666666666666
106th Precinct,Burglary,1,0.0,,8,7,14.285714285714,68,92,-26.086956521739,-24.444444444444,-68.075117370892,-91.933570581257
106th Precinct,Gr. Larceny,15,13.0,15.384615384615,52,66,-21.212121212121,471,404,16.584158415841,20.153061224489,94.628099173553,13.221153846153
106th Precinct,G.L.A.,4,6.0,-33.333333333333,23,26,-11.538461538461,210,275,-23.636363636363,-10.25641025641,-0.943396226415,-91.014120667522
106th Precinct,Transit,0,0.0,,1,3,-66.666666666666,12,16,-25.0,-40.0,-36.842105263157,
106th Precinct,Housing,0,0.0,,0,0,,0,0,,,,
106th Precinct,Petit Larceny,19,18.0,5.555555555555,84,88,-4.545454545454,841,863,-2.549246813441,-7.8860898138,80.472103004291,
106th Precinct,Retail Theft,4,7.0,-42.857142857142,25,39,-35.897435897435,369,441,-16.326530612244,-24.074074074074,,
106th Precinct,Misd. Assault,8,10.0,-20.0,29,44,-34.090909090909,406,434,-6.451612903225,-14.164904862579,7.407407407407,
106th Precinct,UCR Rape*,1,0.0,,2,0,,18,15,20.0,-5.263157894736,,
106th Precinct,Other Sex Crimes,1,0.0,,3,1,200.0,33,32,3.125,0.0,,
106th Precinct,Shooting Vic.,1,0.0,,1,1,0.0,2,4,-50.0,-33.333333333333,-66.666666666666,-90.90909090909
106th Precinct,Shooting Inc.,1,0.0,,1,1,0.0,2,4,-50.0,-33.333333333333,-60.0,-90.90909090909
106th Precinct,Hate Crimes,0,0.0,,0,0,,2,0,,-33.333333333333,,
106th Precinct,Traffic Fatalities,0,1.0,-100.0,0,1,-100.0,1,4,-75.0,-66.666666666666,,
107th Precinct,Murder,0,0.0,,0,0,,3,3,0.0,0.0,0.0,-50.0
107th Precinct,Rape,0,0.0,,1,0,,29,12,141.666666666667,93.333333333333,222.222222222222,16.0
107th Precinct,Robbery,4,2.0,100.0,10,7,42.857142857142,100,76,31.578947368421,19.047619047619,-47.089947089947,-84.73282442748
107th Precinct,Fel. Assault,5,2.0,150.0,17,18,-5.555555555555,173,191,-9.424083769633,-16.425120772946,154.411764705882,-3.888888888888
107th Precinct,Burglary,3,1.0,200.0,5,13,-61.538461538461,99,152,-34.868421052631,-37.341772151898,-48.969072164948,-90.773532152842
107th Precinct,Gr. Larceny,12,13.0,-7.692307692307,49,53,-7.54716981132,458,423,8.274231678487,11.165048543689,45.396825396825,4.090909090909
107th Precinct,G.L.A.,8,4.0,100.0,38,19,100.0,271,251,7.968127490039,1.498127340823,75.974025974026,-92.331635540464
107th Precinct,Transit,1,0.0,,3,3,0.0,32,20,60.0,23.076923076923,100.0,
107th Precinct,Housing,1,0.0,,4,1,300.0,40,41,-2.439024390243,-6.976744186046,73.91304347826,
107th Precinct,Petit Larceny,27,29.0,-6.896551724137,71,81,-12.345679012345,668,768,-13.020833333333,-22.774566473988,-7.093184979137,
107th Precinct,Retail Theft,6,5.0,20.0,12,18,-33.333333333333,117,262,-55.343511450381,-68.548387096774,,
107th Precinct,Misd. Assault,12,14.0,-14.285714285714,35,43,-18.60465116279,373,380,-1.842105263157,-0.267379679144,28.620689655172,
107th Precinct,UCR Rape*,0,0.0,,2,0,,34,14,142.857142857143,36.0,,
107th Precinct,Other Sex Crimes,1,1.0,0.0,1,5,-80.0,46,44,4.545454545454,64.285714285714,,
107th Precinct,Shooting Vic.,0,0.0,,0,1,-100.0,0,5,-100.0,-100.0,-100.0,-100.0
107th Precinct,Shooting Inc.,0,0.0,,0,1,-100.0,0,4,-100.0,-100.0,-100.0,-100.0
107th Precinct,Hate Crimes,0,0.0,,2,0,,17,6,183.333333333333,240.0,,
107th Precinct,Traffic Fatalities,0,0.0,,1,0,,3,1,200.0,0.0,,
108th Precinct,Murder,0,0.0,,0,0,,1,2,-50.0,0.0,-50.0,-87.5
108th Precinct,Rape,0,0.0,,1,2,-50.0,21,14,50.0,40.0,90.90909090909,162.5
108th Precinct,Robbery,4,4.0,0.0,21,22,-4.545454545454,147,150,-2.0,-18.78453038674,4.255319148936,-80.21534320323
108th Precinct,Fel. Assault,11,5.0,120.0,35,22,59.090909090909,225,217,3.6866359447,16.580310880829,141.935483870968,0.0
108th Precinct,Burglary,10,5.0,100.0,20,19,5.263157894736,166,164,1.219512195121,-12.169312169312,-6.214689265536,-84.658040665434
108th Precinct,Gr. Larceny,23,15.0,53.333333333333,111,68,63.235294117647,647,577,12.13171577123,18.281535648994,97.256097560975,-2.560240963855
108th Precinct,G.L.A.,7,7.0,0.0,33,20,65.0,238,170,40.0,25.263157894736,53.548387096774,-83.787465940054
108th Precinct,Transit,1,1.0,0.0,3,6,-50.0,43,53,-18.867924528301,2.380952380952,26.470588235294,
108th Precinct,Housing,0,0.0,,0,0,,0,0,,,,
108th Precinct,Petit Larceny,41,24.0,70.833333333333,115,135,-14.814814814814,1173,1148,2.177700348432,-23.333333333333,69.264069264069,
108th Precinct,Retail Theft,25,7.0,257.142857142857,56,66,-15.151515151515,594,611,-2.782324058919,-43.048897411313,,
108th Precinct,Misd. Assault,9,16.0,-43.75,61,43,41.860465116279,431,382,12.82722513089,5.378973105134,14.933333333333,
108th Precinct,UCR Rape*,0,0.0,,1,3,-66.666666666666,24,20,20.0,4.347826086956,,
108th Precinct,Other Sex Crimes,4,0.0,,11,7,57.142857142857,68,54,25.925925925925,41.666666666666,,
108th Precinct,Shooting Vic.,0,0.0,,0,0,,0,1,-100.0,-100.0,-100.0,-100.0
108th Precinct,Shooting Inc.,0,0.0,,0,0,,0,1,-100.0,-100.0,-100.0,-100.0
108th Precinct,Hate Crimes,1,0.0,,3,1,200.0,9,6,50.0,12.5,,
108th Precinct,Traffic Fatalities,1,0.0,,1,0,,6,0,,0.0,,
109th Precinct,Murder,0,0.0,,0,0,,7,2,250.0,75.0,40.0,-22.222222222222
109th Precinct,Rape,0,1.0,-100.0,2,3,-33.333333333333,35,30,16.666666666666,29.629629629629,191.666666666667,59.090909090909
109th Precinct,Robbery,5,9.0,-44.444444444444,15,18,-16.666666666666,140,172,-18.60465116279,-39.655172413793,-1.408450704225,-83.529411764705
109th Precinct,Fel. Assault,3,5.0,-40.0,29,30,-3.333333333333,329,288,14.236111111111,-13.192612137203,108.227848101266,23.684210526315
109th Precinct,Burglary,1,10.0,-90.0,11,29,-62.068965517241,174,335,-48.059701492537,-41.610738255033,-50.143266475644,-89.901334881021
109th Precinct,Gr. Larceny,25,24.0,4.166666666666,69,96,-28.125,579,734,-21.117166212534,-40.370751802265,22.669491525423,-39.6875
109th Precinct,G.L.A.,17,7.0,142.857142857143,51,49,4.081632653061,465,410,13.414634146341,18.925831202046,131.34328358209,-84.015125472671
109th Precinct,Transit,0,0.0,,1,3,-66.666666666666,10,25,-60.0,-54.545454545454,233.333333333333,
109th Precinct,Housing,0,0.0,,0,3,-100.0,16,13,23.076923076923,-11.111111111111,77.777777777777,
109th Precinct,Petit Larceny,56,34.0,64.705882352941,215,190,13.157894736842,1785,1859,-3.980634749865,-10.211267605633,63.461538461538,
109th Precinct,Retail Theft,29,16.0,81.25,119,93,27.956989247311,928,1098,-15.482695810564,-29.375951293759,,
109th Precinct,Misd. Assault,11,13.0,-15.384615384615,67,65,3.076923076923,652,650,0.307692307692,-6.723891273247,22.556390977443,
109th Precinct,UCR Rape*,0,1.0,-100.0,2,3,-33.333333333333,41,33,24.242424242424,17.142857142857,,
109th Precinct,Other Sex Crimes,2,3.0,-33.333333333333,9,6,50.0,68,59,15.254237288135,1.492537313432,,
109th Precinct,Shooting Vic.,0,0.0,,0,0,,5,5,0.0,,150.0,-75.0
109th Precinct,Shooting Inc.,0,0.0,,0,0,,4,5,-20.0,,100.0,-75.0
109th Precinct,Hate Crimes,0,0.0,,2,1,100.0,9,11,-18.181818181818,50.0,,
109th Precinct,Traffic Fatalities,0,0.0,,0,1,-100.0,2,2,0.0,-75.0,,
110th Precinct,Murder,0,0.0,,0,1,-100.0,1,3,-66.666666666666,-50.0,-50.0,-95.652173913043
110th Precinct,Rape,3,0.0,,7,2,250.0,39,29,34.482758620689,39.285714285714,129.411764705882,69.565217391304
110th Precinct,Robbery,5,9.0,-44.444444444444,29,35,-17.142857142857,309,293,5.460750853242,-19.53125,19.767441860465,-72.870939420544
110th Precinct,Fel. Assault,11,15.0,-26.666666666666,64,49,30.612244897959,498,429,16.083916083916,-17.138103161397,169.189189189189,38.718662952646
110th Precinct,Burglary,1,1.0,0.0,10,11,-9.090909090909,100,124,-19.354838709677,-45.652173913043,-52.60663507109,-93.79652605459
110th Precinct,Gr. Larceny,20,14.0,42.857142857142,92,63,46.031746031746,616,570,8.070175438596,-24.509803921568,57.544757033248,-29.840546697038
110th Precinct,G.L.A.,4,4.0,0.0,27,25,8.0,214,179,19.553072625698,-2.283105022831,98.148148148148,-86.699813548788
110th Precinct,Transit,0,0.0,,4,5,-20.0,40,41,-2.439024390243,5.263157894736,66.666666666666,
110th Precinct,Housing,0,0.0,,0,0,,0,0,,,,
110th Precinct,Petit Larceny,34,45.0,-24.444444444444,153,201,-23.880597014925,1467,1748,-16.075514874141,-35.629662132514,16.521048451151,
110th Precinct,Retail Theft,16,24.0,-33.333333333333,93,116,-19.827586206896,913,1241,-26.430298146655,-49.418282548476,,
110th Precinct,Misd. Assault,39,28.0,39.285714285714,101,106,-4.716981132075,853,766,11.357702349869,-14.529058116232,84.233261339092,
110th Precinct,UCR Rape*,3,0.0,,7,3,133.333333333333,47,39,20.51282051282,14.634146341463,,
110th Precinct,Other Sex Crimes,2,3.0,-33.333333333333,10,14,-28.571428571428,83,87,-4.597701149425,-25.892857142857,,
110th Precinct,Shooting Vic.,0,0.0,,0,0,,7,7,0.0,250.0,40.0,-85.416666666666
110th Precinct,Shooting Inc.,0,0.0,,0,0,,5,4,25.0,150.0,25.0,-88.636363636363
110th Precinct,Hate Crimes,0,0.0,,0,1,-100.0,4,7,-42.857142857142,33.333333333333,,
110th Precinct,Traffic Fatalities,0,0.0,,0,1,-100.0,4,4,0.0,-20.0,,
111th Precinct,Murder,0,0.0,,0,0,,0,2,-100.0,-100.0,,-100.0
111th Precinct,Rape,0,1.0,-100.0,1,2,-50.0,4,8,-50.0,-42.857142857142,0.0,-50.0
111th Precinct,Robbery,1,4.0,-75.0,3,7,-57.142857142857,33,31,6.451612903225,-29.787234042553,-44.067796610169,-85.526315789473
111th Precinct,Fel. Assault,3,2.0,50.0,11,12,-8.333333333333,96,95,1.052631578947,43.283582089552,152.631578947368,10.344827586206
111th Precinct,Burglary,1,4.0,-75.0,4,21,-80.95238095238,85,213,-60.093896713615,-60.093896713615,-50.292397660818,-88.666666666666
111th Precinct,Gr. Larceny,14,20.0,-30.0,44,52,-15.384615384615,357,357,0.0,5.309734513274,39.453125,-7.272727272727
111th Precinct,G.L.A.,6,7.0,-14.285714285714,32,40,-20.0,233,226,3.097345132743,25.268817204301,130.693069306931,-89.965546942291
111th Precinct,Transit,0,0.0,,0,0,,0,0,,,,
111th Precinct,Housing,0,0.0,,0,0,,0,0,,,,
111th Precinct,Petit Larceny,13,14.0,-7.142857142857,48,44,9.090909090909,327,407,-19.656019656019,-18.453865336658,1.869158878504,
111th Precinct,Retail Theft,2,2.0,0.0,5,10,-50.0,31,73,-57.534246575342,-61.25,,
111th Precinct,Misd. Assault,7,5.0,40.0,20,20,0.0,142,154,-7.792207792207,-7.18954248366,18.333333333333,
111th Precinct,UCR Rape*,0,1.0,-100.0,1,2,-50.0,6,11,-45.454545454545,-40.0,,
111th Precinct,Other Sex Crimes,0,0.0,,0,0,,10,8,25.0,42.857142857142,,
111th Precinct,Shooting Vic.,0,0.0,,1,0,,1,2,-50.0,0.0,,-50.0
111th Precinct,Shooting Inc.,0,0.0,,1,0,,1,2,-50.0,0.0,,-50.0
111th Precinct,Hate Crimes,0,1.0,-100.0,0,1,-100.0,6,5,20.0,0.0,,
111th Precinct,Traffic Fatalities,0,0.0,,0,1,-100.0,1,4,-75.0,-66.666666666666,,
112th Precinct,Murder,0,0.0,,0,0,,0,1,-100.0,,-100.0,-100.0
112th Precinct,Rape,0,0.0,,1,0,,9,6,50.0,12.5,350.0,12.5
112th Precinct,Robbery,3,2.0,50.0,8,6,33.333333333333,68,55,23.636363636363,9.677419354838,-11.688311688311,-85.313174946004
112th Precinct,Fel. Assault,1,1.0,0.0,10,9,11.111111111111,114,121,-5.785123966942,48.051948051948,178.048780487805,29.545454545454
112th Precinct,Burglary,4,4.0,0.0,7,13,-46.153846153846,96,110,-12.727272727272,29.729729729729,5.494505494505,-90.273556231003
112th Precinct,Gr. Larceny,12,9.0,33.333333333333,45,38,18.421052631578,430,280,53.571428571428,30.699088145896,58.671586715867,-40.852819807427
112th Precinct,G.L.A.,5,4.0,25.0,17,15,13.333333333333,147,119,23.529411764705,16.666666666666,104.166666666667,-94.053398058252
112th Precinct,Transit,0,1.0,-100.0,0,2,-100.0,15,21,-28.571428571428,-48.275862068965,0.0,
112th Precinct,Housing,0,0.0,,0,0,,0,0,,-100.0,,
112th Precinct,Petit Larceny,42,34.0,23.529411764705,129,139,-7.194244604316,1338,1412,-5.240793201133,8.427876823338,88.185654008438,
112th Precinct,Retail Theft,30,22.0,36.363636363636,91,98,-7.142857142857,917,1095,-16.255707762557,2.572706935123,,
112th Precinct,Misd. Assault,12,3.0,300.0,22,23,-4.347826086956,200,207,-3.381642512077,-1.477832512315,33.333333333333,
112th Precinct,UCR Rape*,1,0.0,,2,0,,11,13,-15.384615384615,-26.666666666666,,
112th Precinct,Other Sex Crimes,3,2.0,50.0,8,6,33.333333333333,30,30,0.0,25.0,,
112th Precinct,Shooting Vic.,0,0.0,,0,0,,0,0,,,-100.0,-100.0
112th Precinct,Shooting Inc.,0,0.0,,0,0,,0,0,,,-100.0,-100.0
112th Precinct,Hate Crimes,0,0.0,,1,0,,14,8,75.0,100.0,,
112th Precinct,Traffic Fatalities,0,0.0,,0,0,,1,1,0.0,,,
113th Precinct,Murder,0,0.0,,1,1,0.0,5,5,0.0,-16.666666666666,-66.666666666666,-77.272727272727
113th Precinct,Rape,0,0.0,,2,4,-50.0,29,22,31.818181818181,81.25,52.631578947368,-50.0
113th Precinct,Robbery,0,3.0,-100.0,10,15,-33.333333333333,105,81,29.629629629629,9.375,-56.967213114754,-87.037037037037
113th Precinct,Fel. Assault,5,10.0,-50.0,29,38,-23.684210526315,286,286,0.0,10.42471042471,14.4,-46.240601503759
113th Precinct,Burglary,0,2.0,-100.0,8,7,14.285714285714,66,49,34.69387755102,20.0,-75.645756457564,-91.461836998706
113th Precinct,Gr. Larceny,18,8.0,125.0,42,44,-4.545454545454,395,313,26.198083067092,89.903846153846,-8.986175115207,-87.249838605552
113th Precinct,G.L.A.,1,7.0,-85.714285714285,7,33,-78.787878787878,127,168,-24.404761904761,-15.333333333333,-35.532994923857,-89.425478767693
113th Precinct,Transit,0,0.0,,0,0,,0,0,,,,
113th Precinct,Housing,0,0.0,,0,1,-100.0,9,8,12.5,80.0,0.0,
113th Precinct,Petit Larceny,36,24.0,50.0,94,111,-15.315315315315,824,830,-0.722891566265,13.812154696132,10.901749663526,
113th Precinct,Retail Theft,7,12.0,-41.666666666666,18,39,-53.846153846153,165,236,-30.084745762711,-10.326086956521,,
113th Precinct,Misd. Assault,15,19.0,-21.052631578947,51,62,-17.741935483871,512,489,4.703476482617,-0.967117988394,-13.804713804713,
113th Precinct,UCR Rape*,0,0.0,,2,4,-50.0,32,26,23.076923076923,23.076923076923,,
113th Precinct,Other Sex Crimes,1,1.0,0.0,5,3,66.666666666666,34,32,6.25,0.0,,
113th Precinct,Shooting Vic.,0,0.0,,1,1,0.0,5,9,-44.444444444444,-54.545454545454,-89.361702127659,-95.283018867924
113th Precinct,Shooting Inc.,0,0.0,,1,1,0.0,5,9,-44.444444444444,-54.545454545454,-86.842105263157,-94.680851063829
113th Precinct,Hate Crimes,0,0.0,,0,0,,3,1,200.0,200.0,,
113th Precinct,Traffic Fatalities,0,1.0,-100.0,0,2,-100.0,1,4,-75.0,-50.0,,
114th Precinct,Murder,0,0.0,,0,0,,4,2,100.0,,-42.857142857142,-80.95238095238
114th Precinct,Rape,0,0.0,,3,2,50.0,33,28,17.857142857142,22.222222222222,175.0,-8.333333333333
114th Precinct,Robbery,2,4.0,-50.0,22,17,29.411764705882,159,140,13.571428571428,-29.333333333333,-30.263157894736,-87.480314960629
114th Precinct,Fel. Assault,5,10.0,-50.0,30,30,0.0,337,415,-18.795180722891,-19.377990430622,65.196078431372,-41.695501730103
114th Precinct,Burglary,1,7.0,-85.714285714285,10,31,-67.741935483871,100,172,-41.860465116279,-31.972789115646,-71.988795518207,-93.75
114th Precinct,Gr. Larceny,22,20.0,10.0,88,81,8.641975308641,681,666,2.252252252252,-7.220708446866,41.580041580041,-14.554579673776
114th Precinct,G.L.A.,3,9.0,-66.666666666666,21,35,-40.0,239,254,-5.905511811023,-9.811320754716,17.733990147783,-87.737301180092
114th Precinct,Transit,0,0.0,,1,4,-75.0,21,29,-27.586206896551,-36.363636363636,-8.695652173913,
114th Precinct,Housing,3,2.0,50.0,20,12,66.666666666666,154,152,1.315789473684,-4.938271604938,35.087719298245,
114th Precinct,Petit Larceny,42,33.0,27.272727272727,169,158,6.962025316455,1611,1597,0.87664370695,-1.226241569589,45.923913043478,
114th Precinct,Retail Theft,19,16.0,18.75,86,60,43.333333333333,677,794,-14.735516372796,-19.01913875598,,
114th Precinct,Misd. Assault,22,22.0,0.0,74,73,1.369863013698,651,627,3.827751196172,-5.240174672489,1.086956521739,
114th Precinct,UCR Rape*,0,0.0,,3,2,50.0,39,34,14.705882352941,0.0,,
114th Precinct,Other Sex Crimes,2,1.0,100.0,8,2,300.0,74,65,13.846153846153,10.447761194029,,
114th Precinct,Shooting Vic.,0,0.0,,2,0,,6,9,-33.333333333333,0.0,-68.421052631578,-80.0
114th Precinct,Shooting Inc.,0,0.0,,1,0,,5,9,-44.444444444444,0.0,-68.75,-82.758620689655
114th Precinct,Hate Crimes,0,0.0,,1,1,0.0,14,6,133.333333333333,7.692307692307,,
114th Precinct,Traffic Fatalities,0,0.0,,0,1,-100.0,4,5,-20.0,33.333333333333,,
115th Precinct,Murder,0,0.0,,0,1,-100.0,1,6,-83.333333333333,-75.0,0.0,-92.857142857142
115th Precinct,Rape,2,0.0,,3,1,200.0,25,22,13.636363636363,-7.407407407407,25.0,13.636363636363
115th Precinct,Robbery,8,8.0,0.0,20,31,-35.483870967741,211,233,-9.442060085836,-34.0625,-15.6,-78.26982492276
115th Precinct,Fel. Assault,16,7.0,128.571428571429,45,37,21.621621621621,315,401,-21.4463840399,-35.185185185185,28.048780487804,-1.253918495297
115th Precinct,Burglary,2,4.0,-50.0,10,17,-41.176470588235,91,120,-24.166666666666,-46.153846153846,-56.872037914691,-93.724137931034
115th Precinct,Gr. Larceny,18,11.0,63.636363636363,63,55,14.545454545454,501,531,-5.649717514124,-28.835227272727,42.329545454545,-53.133769878391
115th Precinct,G.L.A.,9,1.0,800.0,30,14,114.285714285714,213,175,21.714285714285,-0.467289719626,28.313253012048,-86.704119850187
115th Precinct,Transit,0,0.0,,1,3,-66.666666666666,28,37,-24.324324324324,-54.838709677419,7.692307692307,
115th Precinct,Housing,0,0.0,,0,0,,0,0,,,,
115th Precinct,Petit Larceny,34,21.0,61.904761904761,107,110,-2.727272727272,934,1034,-9.671179883945,-39.232270657124,14.883148831488,
115th Precinct,Retail Theft,11,4.0,175.0,32,25,28.0,290,347,-16.426512968299,-64.460784313725,,
115th Precinct,Misd. Assault,16,25.0,-36.0,66,78,-15.384615384615,671,769,-12.743823146944,-32.765531062124,-2.043795620437,
115th Precinct,UCR Rape*,3,1.0,200.0,5,2,150.0,36,33,9.090909090909,-16.279069767441,,
115th Precinct,Other Sex Crimes,4,3.0,33.333333333333,10,15,-33.333333333333,82,88,-6.818181818181,-23.364485981308,,
115th Precinct,Shooting Vic.,0,0.0,,2,1,100.0,5,1,400.0,-28.571428571428,-16.666666666666,-89.361702127659
115th Precinct,Shooting Inc.,0,0.0,,1,1,0.0,4,1,300.0,-20.0,-20.0,-90.697674418604
115th Precinct,Hate Crimes,0,0.0,,0,0,,5,4,25.0,0.0,,
115th Precinct,Traffic Fatalities,0,0.0,,0,0,,2,1,100.0,-60.0,,
116th Precinct,Murder,0,0.0,,0,0,,4,0,,33.333333333333,,
116th Precinct,Rape,0,0.0,,1,1,0.0,13,23,-43.478260869565,44.444444444444,,
116th Precinct,Robbery,0,4.0,-100.0,2,7,-71.428571428571,39,50,-22.0,-38.095238095238,,
116th Precinct,Fel. Assault,4,2.0,100.0,16,17,-5.882352941176,182,194,-6.185567010309,7.058823529411,,
116th Precinct,Burglary,3,2.0,50.0,7,8,-12.5,28,44,-36.363636363636,-47.169811320754,,
116th Precinct,Gr. Larceny,9,5.0,80.0,33,19,73.684210526315,190,162,17.283950617283,-1.554404145077,,
116th Precinct,G.L.A.,0,2.0,-100.0,11,6,83.333333333333,86,120,-28.333333333333,-33.846153846153,,
116th Precinct,Transit,0,0.0,,0,0,,0,0,,,,
116th Precinct,Housing,0,0.0,,0,0,,0,0,,,,
116th Precinct,Petit Larceny,19,6.0,216.666666666667,72,43,67.441860465116,458,423,8.274231678487,12.254901960784,,
116th Precinct,Retail Theft,5,2.0,150.0,18,8,125.0,158,74,113.513513513514,38.59649122807,,
116th Precinct,Misd. Assault,6,5.0,20.0,26,30,-13.333333333333,254,334,-23.952095808383,-22.085889570552,,
116th Precinct,UCR Rape*,0,0.0,,1,1,0.0,14,28,-50.0,-22.222222222222,,
116th Precinct,Other Sex Crimes,0,1.0,-100.0,5,2,150.0,25,14,78.571428571428,38.888888888888,,
116th Precinct,Shooting Vic.,0,0.0,,1,1,0.0,6,2,200.0,-53.846153846153,,
116th Precinct,Shooting Inc.,0,0.0,,1,1,0.0,6,2,200.0,-25.0,,
116th Precinct,Hate Crimes,0,0.0,,0,0,,0,0,,-100.0,,
116th Precinct,Traffic Fatalities,1,0.0,,1,0,,2,2,0.0,,,
120th Precinct,Murder,0,0.0,,0,0,,1,2,-50.0,0.0,-90.0,-92.857142857142
120th Precinct,Rape,1,0.0,,3,3,0.0,24,23,4.347826086956,71.428571428571,4.347826086956,-46.666666666666
120th Precinct,Robbery,0,3.0,-100.0,3,12,-75.0,73,109,-33.027522935779,-22.340425531914,-64.734299516908,-89.747191011236
120th Precinct,Fel. Assault,7,6.0,16.666666666666,28,37,-24.324324324324,290,318,-8.80503144654,-18.539325842696,33.640552995391,-50.086058519793
120th Precinct,Burglary,0,3.0,-100.0,5,11,-54.545454545454,52,72,-27.777777777777,-35.0,-76.576576576576,-95.968992248062
120th Precinct,Gr. Larceny,11,7.0,57.142857142857,28,32,-12.5,240,247,-2.834008097165,-15.194346289752,-18.64406779661,-41.320293398533
120th Precinct,G.L.A.,0,2.0,-100.0,5,7,-28.571428571428,66,53,24.528301886792,-33.333333333333,-54.794520547945,-93.258426966292
120th Precinct,Transit,0,0.0,,0,0,,0,0,,,,
120th Precinct,Housing,0,0.0,,5,4,25.0,43,48,-10.416666666666,-31.746031746031,19.444444444444,
120th Precinct,Petit Larceny,30,15.0,100.0,87,81,7.407407407407,740,876,-15.525114155251,-17.502787068004,-32.4200913242,
120th Precinct,Retail Theft,11,5.0,120.0,32,28,14.285714285714,284,439,-35.307517084282,-28.643216080402,,
120th Precinct,Misd. Assault,17,15.0,13.333333333333,57,66,-13.636363636363,502,561,-10.516934046345,-10.516934046345,-45.315904139433,
120th Precinct,UCR Rape*,1,0.0,,3,4,-25.0,32,32,0.0,18.518518518518,,
120th Precinct,Other Sex Crimes,1,0.0,,6,4,50.0,60,66,-9.090909090909,-7.692307692307,,
120th Precinct,Shooting Vic.,0,1.0,-100.0,0,2,-100.0,6,6,0.0,-33.333333333333,-73.91304347826,-92.105263157894
120th Precinct,Shooting Inc.,0,1.0,-100.0,0,2,-100.0,6,6,0.0,-33.333333333333,-71.428571428571,-90.625
120th Precinct,Hate Crimes,0,0.0,,0,0,,1,5,-80.0,-75.0,,
120th Precinct,Traffic Fatalities,0,0.0,,0,0,,1,3,-66.666666666666,0.0,,
121st Precinct,Murder,0,0.0,,0,0,,1,0,,-50.0,,
121st Precinct,Rape,0,1.0,-100.0,1,3,-66.666666666666,15,22,-31.818181818181,15.384615384615,,
121st Precinct,Robbery,0,0.0,,3,3,0.0,52,54,-3.703703703703,-18.75,,
121st Precinct,Fel. Assault,1,8.0,-87.5,16,21,-23.809523809523,211,175,20.571428571428,36.129032258064,,
121st Precinct,Burglary,1,1.0,0.0,5,7,-28.571428571428,48,51,-5.882352941176,-31.428571428571,,
121st Precinct,Gr. Larceny,6,6.0,0.0,33,34,-2.941176470588,304,318,-4.40251572327,16.030534351145,,
121st Precinct,G.L.A.,1,1.0,0.0,5,12,-58.333333333333,50,58,-13.793103448275,-25.373134328358,,
121st Precinct,Transit,0,0.0,,0,0,,0,0,,,,
121st Precinct,Housing,0,1.0,-100.0,0,1,-100.0,10,12,-16.666666666666,-16.666666666666,,
121st Precinct,Petit Larceny,13,15.0,-13.333333333333,62,78,-20.51282051282,742,987,-24.822695035461,-27.750730282375,,
121st Precinct,Retail Theft,8,9.0,-11.111111111111,36,50,-28.0,476,681,-30.102790014684,-31.213872832369,,
121st Precinct,Misd. Assault,8,19.0,-57.894736842105,37,47,-21.27659574468,379,411,-7.785888077858,-12.87356321839,,
121st Precinct,UCR Rape*,0,1.0,-100.0,2,3,-33.333333333333,26,26,0.0,18.181818181818,,
121st Precinct,Other Sex Crimes,0,1.0,-100.0,2,4,-50.0,34,45,-24.444444444444,-22.727272727272,,
121st Precinct,Shooting Vic.,0,0.0,,1,0,,5,1,400.0,66.666666666666,,
121st Precinct,Shooting Inc.,0,0.0,,1,0,,4,1,300.0,33.333333333333,,
121st Precinct,Hate Crimes,0,1.0,-100.0,0,2,-100.0,8,5,60.0,14.285714285714,,
121st Precinct,Traffic Fatalities,0,0.0,,0,0,,7,1,600.0,133.333333333333,,
122nd Precinct,Murder,0,0.0,,0,0,,1,0,,,,-66.666666666666
122nd Precinct,Rape,0,0.0,,1,0,,9,8,12.5,-40.0,-40.0,-47.058823529411
122nd Precinct,Robbery,1,1.0,0.0,5,4,25.0,38,36,5.555555555555,-11.627906976744,-48.648648648648,-81.280788177339
122nd Precinct,Fel. Assault,0,7.0,-100.0,19,16,18.75,140,183,-23.497267759562,13.821138211382,37.254901960784,-36.936936936936
122nd Precinct,Burglary,0,2.0,-100.0,7,4,75.0,57,68,-16.176470588235,-12.307692307692,-59.859154929577,-94.20731707317
122nd Precinct,Gr. Larceny,16,7.0,128.571428571429,45,36,25.0,327,286,14.335664335664,-11.621621621621,9.364548494983,-45.134228187919
122nd Precinct,G.L.A.,1,0.0,,4,2,100.0,57,37,54.054054054054,-3.389830508474,-31.325301204819,-97.137117026619
122nd Precinct,Transit,0,0.0,,0,0,,0,0,,,,
122nd Precinct,Housing,0,1.0,-100.0,3,2,50.0,28,48,-41.666666666666,33.333333333333,75.0,
122nd Precinct,Petit Larceny,14,14.0,0.0,69,60,15.0,589,739,-20.297699594046,-18.98211829436,-53.328050713153,
122nd Precinct,Retail Theft,5,7.0,-28.571428571428,28,34,-17.647058823529,253,391,-35.294117647058,-24.925816023738,,
122nd Precinct,Misd. Assault,10,6.0,66.666666666666,32,34,-5.882352941176,248,272,-8.823529411764,-7.806691449814,-37.373737373737,
122nd Precinct,UCR Rape*,0,0.0,,1,1,0.0,11,9,22.222222222222,-42.105263157894,,
122nd Precinct,Other Sex Crimes,1,0.0,,3,5,-40.0,35,33,6.060606060606,25.0,,
122nd Precinct,Shooting Vic.,0,0.0,,0,0,,1,1,0.0,0.0,0.0,-50.0
122nd Precinct,Shooting Inc.,0,0.0,,0,0,,1,1,0.0,0.0,0.0,-50.0
122nd Precinct,Hate Crimes,0,0.0,,0,0,,5,4,25.0,0.0,,
122nd Precinct,Traffic Fatalities,0,0.0,,1,0,,4,1,300.0,100.0,,
123rd Precinct,Murder,0,0.0,,0,0,,0,0,,-100.0,,-100.0
123rd Precinct,Rape,0,0.0,,1,1,0.0,8,6,33.333333333333,60.0,300.0,166.666666666667
123rd Precinct,Robbery,0,0.0,,2,1,100.0,18,19,-5.263157894736,-5.263157894736,0.0,-57.142857142857
123rd Precinct,Fel. Assault,2,3.0,-33.333333333333,7,10,-30.0,80,80,0.0,19.402985074626,142.424242424242,-2.439024390243
123rd Precinct,Burglary,0,0.0,,1,3,-66.666666666666,35,36,-2.777777777777,34.615384615384,-53.947368421052,-84.162895927601
123rd Precinct,Gr. Larceny,3,6.0,-50.0,13,31,-58.064516129032,192,219,-12.328767123287,-9.004739336492,90.09900990099,20.0
123rd Precinct,G.L.A.,1,1.0,0.0,4,1,300.0,42,18,133.333333333333,31.25,55.555555555555,-91.812865497076
123rd Precinct,Transit,0,0.0,,0,0,,0,0,,,,
123rd Precinct,Housing,0,0.0,,0,0,,0,0,,,,
123rd Precinct,Petit Larceny,7,8.0,-12.5,31,37,-16.216216216216,252,315,-20.0,-4.545454545454,-35.384615384615,
123rd Precinct,Retail Theft,2,5.0,-60.0,10,17,-41.176470588235,115,185,-37.837837837837,-2.542372881355,,
123rd Precinct,Misd. Assault,6,4.0,50.0,20,19,5.263157894736,150,152,-1.315789473684,28.205128205128,-5.66037735849,
123rd Precinct,UCR Rape*,0,0.0,,1,1,0.0,8,7,14.285714285714,-11.111111111111,,
123rd Precinct,Other Sex Crimes,1,0.0,,2,2,0.0,14,11,27.272727272727,40.0,,
123rd Precinct,Shooting Vic.,0,0.0,,0,0,,0,0,,,,-100.0
123rd Precinct,Shooting Inc.,0,0.0,,0,0,,0,0,,,,-100.0
123rd Precinct,Hate Crimes,0,0.0,,0,0,,3,0,,0.0,,
123rd Precinct,Traffic Fatalities,0,0.0,,0,0,,0,0,,-100.0,,
